show_id,director_id
s1,2533
s3,2323
s6,3163
s7,3917
s7,2290
s8,1646
s9,335
s10,4583
s12,2544
s13,873
s14,695
s17,3579
s17,3472
s19,65
s21,3435
s23,2371
s24,190
s24,4365
s25,4039
s27,3752
s28,1167
s29,4181
s30,3923
s31,454
s31,35
s31,4066
s36,1025
s37,961
s39,1550
s42,4426
s43,1981
s44,2092
s45,2265
s46,4726
s47,1006
s48,706
s49,390
s52,4695
s53,4695
s54,4695
s55,4695
s57,2960
s58,1648
s59,2960
s60,1648
s61,2960
s62,1742
s63,4698
s64,4567
s65,1135
s69,1670
s69,4761
s69,3126
s72,1059
s74,2449
s76,552
s78,3674
s79,1159
s80,1159
s81,4672
s82,762
s85,1839
s85,1477
s87,4594
s89,2865
s91,222
s92,3216
s92,3523
s94,200
s95,3740
s97,4393
s102,782
s102,2774
s103,1923
s104,4922
s106,2680
s108,1138
s111,2742
s111,1947
s113,4136
s114,4391
s115,3725
s116,1909
s117,3264
s118,2754
s119,4243
s120,1840
s123,1909
s127,4786
s128,2923
s129,1569
s130,2608
s131,4178
s132,3878
s134,3315
s135,3646
s136,3823
s137,382
s138,4315
s139,2608
s140,4352
s141,4198
s142,4419
s143,3857
s144,2939
s145,3812
s146,1547
s146,1227
s147,1324
s149,1558
s150,3097
s151,3112
s152,312
s152,139
s153,656
s156,2072
s157,1520
s158,1036
s159,4717
s160,3494
s162,4611
s163,3812
s164,1137
s165,2522
s167,4214
s168,3004
s168,4641
s169,620
s169,3592
s170,4886
s171,3615
s172,3063
s173,3860
s174,273
s175,390
s176,3779
s177,3110
s178,1830
s179,1357
s179,4221
s180,4663
s181,3612
s183,2805
s184,4886
s186,782
s186,2774
s189,3774
s189,4987
s191,4246
s192,4557
s193,4056
s196,4159
s197,2928
s199,2449
s200,3510
s201,4134
s202,353
s202,403
s203,4118
s204,4739
s205,4056
s206,1076
s207,1193
s208,412
s209,3181
s210,3181
s211,3569
s212,587
s215,2787
s216,412
s217,3737
s217,2553
s218,3181
s222,2282
s223,627
s224,3013
s224,4553
s228,343
s229,3969
s230,880
s231,4022
s232,1116
s234,2912
s236,955
s237,3788
s238,3788
s239,3788
s240,3788
s241,1660
s245,2398
s247,4929
s248,659
s250,1055
s251,4770
s252,1230
s253,3145
s254,2821
s256,3084
s257,4700
s258,2821
s259,219
s260,3469
s262,695
s263,2611
s265,4402
s268,1909
s269,3227
s271,1403
s274,2299
s277,1799
s279,2335
s280,4428
s282,789
s283,2336
s284,4078
s285,4808
s286,2237
s288,4067
s291,1429
s293,1239
s294,87
s295,1732
s296,3701
s298,538
s298,3689
s298,2402
s298,4766
s298,2403
s298,442
s298,3788
s298,4149
s298,1528
s299,2424
s300,2348
s301,2530
s301,638
s302,3980
s303,758
s303,2731
s304,155
s305,2612
s306,2855
s307,1826
s308,3621
s309,4483
s311,598
s315,1883
s316,819
s317,1756
s318,2561
s319,1353
s319,3114
s326,666
s327,3955
s328,3940
s329,4642
s330,4426
s331,3630
s331,889
s333,3823
s334,2150
s335,2349
s336,2110
s338,2907
s340,2785
s340,1755
s341,891
s342,3558
s343,3339
s344,1752
s345,1752
s346,1081
s347,1088
s348,2247
s349,4963
s350,1514
s351,917
s352,4712
s353,2446
s354,4651
s355,4689
s356,629
s357,4506
s358,627
s359,1803
s360,4352
s361,1503
s363,2459
s364,1942
s366,3266
s368,4206
s372,3266
s373,2440
s374,1072
s375,3134
s376,4427
s378,1016
s379,2717
s381,1582
s384,3764
s385,1067
s388,2625
s389,4013
s389,3841
s390,4951
s393,3698
s394,910
s395,3247
s396,2863
s397,3618
s399,2516
s403,475
s406,4302
s407,3750
s408,3750
s409,3750
s410,3750
s411,3750
s412,3750
s413,3750
s414,3750
s415,3750
s416,3750
s417,3750
s418,602
s419,433
s419,4296
s420,3750
s421,3750
s422,3750
s422,3462
s423,3750
s424,3750
s425,3750
s427,110
s427,678
s428,2794
s429,2584
s430,4223
s433,2125
s433,310
s433,1444
s434,3222
s437,26
s438,1261
s439,2419
s440,4319
s440,2064
s440,411
s440,4577
s440,75
s442,2648
s444,2744
s445,1502
s446,4328
s447,928
s448,590
s449,590
s450,1129
s451,861
s452,755
s453,1644
s455,4676
s456,1467
s458,3027
s459,165
s461,444
s461,834
s462,131
s463,4649
s464,3942
s464,3497
s465,3302
s468,2837
s469,3835
s470,4207
s472,117
s472,41
s474,4820
s475,3367
s476,1024
s477,2347
s480,2648
s481,1400
s482,1228
s485,2514
s486,484
s487,2044
s487,2487
s490,102
s492,1654
s493,4179
s495,523
s496,4647
s497,725
s499,3514
s501,3417
s502,4223
s503,2792
s504,1905
s506,407
s506,3245
s507,877
s508,4732
s509,4924
s519,1677
s529,3756
s529,1685
s530,4942
s532,4163
s532,3359
s532,2771
s535,3783
s542,3675
s543,3282
s551,2648
s552,4815
s553,3318
s555,3773
s556,624
s557,2518
s558,3119
s558,3614
s559,1338
s560,4886
s561,2985
s562,1959
s563,1959
s564,1959
s565,3558
s567,3032
s568,1454
s569,3339
s570,4783
s571,825
s573,2117
s574,2179
s574,2917
s575,2026
s576,1603
s577,1504
s578,2807
s579,3895
s580,2938
s581,4292
s582,3561
s583,1503
s584,1820
s585,2116
s586,902
s587,2955
s588,4300
s588,44
s588,1191
s588,1785
s588,1924
s590,4706
s592,1490
s593,2070
s594,845
s595,1837
s596,3898
s597,2765
s598,61
s599,392
s600,3947
s601,1083
s602,2144
s603,2144
s604,2144
s605,140
s606,4845
s607,4389
s608,697
s609,3626
s610,1426
s611,2651
s612,3253
s612,608
s613,3529
s614,3929
s615,4811
s616,1620
s617,2954
s619,2991
s620,1867
s622,4269
s623,2977
s624,2255
s625,1864
s627,2138
s630,500
s631,303
s633,3325
s634,4329
s635,357
s636,507
s637,2228
s638,4355
s638,4765
s638,35
s644,2359
s645,2519
s646,4730
s647,2833
s650,407
s651,1966
s652,2521
s653,2521
s655,954
s656,954
s657,954
s665,1413
s667,1818
s671,4938
s671,4934
s672,4938
s672,4934
s673,4938
s677,3900
s682,4306
s684,3139
s686,3562
s688,2403
s689,2424
s690,4938
s690,4934
s691,2440
s693,1756
s694,2734
s695,4346
s696,4346
s699,391
s702,2884
s703,1114
s705,43
s706,3016
s708,4147
s709,3836
s712,3589
s713,3094
s717,1438
s719,1026
s722,3166
s723,1136
s724,3117
s725,2048
s727,2093
s727,692
s728,1774
s728,4251
s729,634
s736,3665
s737,2827
s738,1958
s740,827
s741,3123
s742,2600
s743,512
s743,3271
s744,2920
s746,4546
s747,2920
s748,2459
s751,4949
s753,2928
s755,2998
s757,3931
s758,2224
s759,236
s760,1545
s761,1545
s763,2639
s765,1962
s766,1000
s767,173
s769,1715
s770,154
s770,2305
s771,3250
s772,815
s774,3720
s775,2598
s776,3353
s777,2658
s778,1288
s778,3034
s780,3968
s782,3595
s783,2599
s784,2630
s785,4589
s787,1218
s788,326
s789,1683
s791,309
s792,3833
s793,3899
s794,339
s795,4516
s797,4180
s798,2061
s799,4584
s800,917
s801,477
s802,3086
s803,1886
s804,4528
s805,3138
s807,1734
s808,1734
s809,1218
s810,4637
s811,4845
s812,4397
s813,1213
s815,136
s816,3152
s817,4499
s818,2712
s819,518
s820,917
s822,3129
s823,1304
s824,3599
s825,1551
s827,613
s828,1270
s829,1085
s830,2479
s832,2288
s832,2848
s833,1516
s835,2331
s837,3571
s839,3474
s840,4346
s841,2667
s842,3794
s845,1030
s846,4406
s847,4613
s851,4825
s854,4958
s857,4733
s859,3198
s860,269
s861,881
s862,3674
s864,3934
s865,3181
s866,1062
s867,1343
s867,1780
s868,1887
s871,1889
s872,2373
s873,1835
s874,3362
s876,2784
s878,3682
s879,761
s880,1018
s882,1222
s883,649
s886,2650
s887,4750
s888,1022
s890,2113
s892,3009
s893,77
s894,83
s895,1117
s896,194
s898,718
s899,4110
s900,3772
s902,4494
s904,2944
s905,514
s906,4967
s907,4953
s908,4245
s910,1819
s911,381
s912,4795
s914,4364
s915,2016
s916,2315
s917,3358
s918,1214
s918,4265
s920,2285
s923,1238
s925,4190
s927,4835
s929,3933
s930,3966
s931,4637
s932,1143
s933,3541
s934,2608
s935,2355
s936,1317
s936,4660
s936,931
s938,4458
s939,4458
s940,4458
s941,4458
s942,4458
s943,917
s944,2000
s945,785
s946,4376
s947,3981
s948,2485
s949,362
s950,841
s951,3600
s952,3972
s953,2232
s954,942
s955,3656
s955,3273
s956,301
s957,2495
s959,4700
s960,769
s961,3449
s962,3174
s962,1996
s963,2127
s965,3932
s965,4248
s967,3574
s970,2187
s971,2231
s972,2873
s974,4129
s975,4200
s977,3465
s978,3044
s979,1650
s980,4205
s980,605
s981,4205
s982,4992
s983,4993
s984,201
s985,707
s986,2589
s987,2589
s988,3883
s989,2543
s990,536
s991,1650
s992,2953
s993,2772
s993,971
s995,2424
s996,4953
s996,4992
s997,4520
s1000,2107
s1001,94
s1002,957
s1003,1556
s1007,4458
s1008,4458
s1009,4458
s1010,128
s1010,4465
s1014,2160
s1016,1263
s1017,34
s1018,2525
s1019,22
s1020,452
s1021,4157
s1022,408
s1022,2793
s1023,7
s1024,4252
s1024,3735
s1024,3306
s1024,2425
s1025,4029
s1027,751
s1028,1629
s1030,4681
s1031,2784
s1032,4371
s1034,3993
s1035,2351
s1035,13
s1036,3363
s1037,2902
s1037,544
s1038,4543
s1040,4515
s1042,2438
s1042,4918
s1043,1585
s1047,3064
s1051,4036
s1053,3558
s1054,3442
s1055,83
s1056,2750
s1067,808
s1068,3517
s1070,703
s1071,1472
s1072,4458
s1073,4458
s1074,4458
s1075,4458
s1076,3232
s1076,746
s1076,1156
s1076,1371
s1076,1737
s1076,816
s1076,1272
s1077,4458
s1078,4458
s1079,4458
s1081,4969
s1084,1902
s1086,3502
s1087,1043
s1088,1677
s1089,543
s1090,4704
s1090,2940
s1091,346
s1097,4414
s1098,4234
s1099,2782
s1100,1308
s1101,633
s1102,720
s1103,4411
s1104,4900
s1105,4808
s1106,3877
s1107,3525
s1107,3540
s1108,504
s1109,3283
s1110,413
s1110,416
s1111,4508
s1112,3343
s1113,191
s1114,3981
s1115,3753
s1116,3748
s1118,2686
s1119,1896
s1120,1091
s1121,4524
s1122,3923
s1123,4447
s1125,3884
s1127,1544
s1129,4686
s1131,1734
s1132,1734
s1133,1734
s1134,1218
s1135,4277
s1135,2961
s1136,2157
s1137,1672
s1137,3493
s1138,529
s1139,3989
s1140,3317
s1141,3051
s1142,538
s1143,4261
s1145,3624
s1146,2317
s1147,85
s1148,2254
s1151,2239
s1152,610
s1154,2352
s1155,2148
s1156,3262
s1157,3990
s1160,1404
s1161,3167
s1163,1363
s1165,1405
s1166,4738
s1168,2962
s1171,164
s1172,216
s1173,2378
s1174,2343
s1176,4389
s1177,4527
s1178,683
s1179,1204
s1184,4525
s1185,2676
s1186,818
s1188,364
s1189,4827
s1190,4718
s1191,2678
s1192,2831
s1192,1956
s1193,1378
s1194,83
s1195,4846
s1196,858
s1197,132
s1198,4551
s1199,2592
s1200,3424
s1203,1717
s1204,4426
s1205,4556
s1208,1716
s1209,3239
s1210,1211
s1212,2798
s1213,727
s1215,2741
s1216,2469
s1217,1339
s1219,3146
s1220,4645
s1221,3470
s1222,3206
s1223,2486
s1223,3000
s1224,342
s1224,3350
s1229,1577
s1231,1653
s1233,736
s1234,2424
s1235,2883
s1237,2323
s1238,1373
s1240,4555
s1241,2608
s1242,272
s1243,1915
s1243,4727
s1244,3154
s1245,40
s1247,4476
s1248,1734
s1249,1307
s1250,4898
s1250,2850
s1251,3186
s1252,2473
s1253,2859
s1254,305
s1254,2452
s1255,523
s1256,1734
s1257,2677
s1259,2362
s1259,553
s1260,2989
s1261,995
s1262,3476
s1264,2141
s1265,2056
s1266,3832
s1267,3476
s1268,514
s1270,3890
s1274,4293
s1277,1986
s1279,4718
s1280,520
s1281,1132
s1281,546
s1282,4628
s1284,1896
s1285,1896
s1287,1758
s1289,861
s1290,4150
s1291,1828
s1292,2502
s1293,2743
s1294,4579
s1294,502
s1294,3263
s1294,4128
s1296,3680
s1298,181
s1304,1774
s1305,552
s1306,4800
s1308,973
s1310,979
s1312,1658
s1313,1747
s1316,2889
s1317,4805
s1319,3079
s1320,1316
s1323,904
s1324,3221
s1325,481
s1326,133
s1327,1419
s1328,481
s1329,2093
s1330,2325
s1331,660
s1334,4637
s1335,1719
s1337,3029
s1338,3229
s1341,2262
s1342,4080
s1343,2081
s1344,3140
s1345,3951
s1346,1632
s1347,1904
s1348,1345
s1352,3400
s1354,1167
s1358,4139
s1359,2946
s1360,3969
s1361,3842
s1365,2200
s1367,2860
s1368,1621
s1369,2705
s1370,2310
s1371,4312
s1373,3399
s1375,2037
s1377,2031
s1379,1583
s1380,3412
s1382,1786
s1383,839
s1387,4985
s1388,3542
s1389,3770
s1390,3347
s1391,3344
s1392,3706
s1394,934
s1397,1509
s1398,1832
s1399,1047
s1400,2761
s1400,1573
s1404,951
s1406,3153
s1407,1317
s1407,4308
s1408,713
s1410,3591
s1411,3824
s1412,4003
s1413,4469
s1414,1672
s1415,784
s1415,506
s1416,1894
s1417,4608
s1418,1442
s1419,854
s1420,2328
s1421,4366
s1422,3436
s1422,4988
s1423,3671
s1424,3976
s1425,4005
s1427,3671
s1429,3977
s1433,2799
s1434,1939
s1435,1329
s1435,4989
s1436,2546
s1437,162
s1437,3771
s1439,1423
s1442,4330
s1445,1490
s1446,1655
s1447,1999
s1448,864
s1451,3938
s1452,1989
s1453,3994
s1454,672
s1455,1997
s1457,4193
s1459,2913
s1460,3042
s1462,1220
s1464,4683
s1465,2015
s1465,4633
s1468,1943
s1469,2511
s1470,2608
s1471,4262
s1473,4096
s1475,419
s1476,4049
s1480,939
s1482,2679
s1485,432
s1485,4623
s1486,1593
s1487,130
s1487,220
s1489,3031
s1491,3870
s1492,4804
s1494,3688
s1495,3934
s1496,291
s1497,4907
s1498,756
s1499,2164
s1499,2039
s1500,1543
s1501,2699
s1502,3972
s1503,2557
s1505,968
s1505,4432
s1508,1954
s1510,3538
s1511,1878
s1512,3237
s1513,4597
s1514,2170
s1516,4083
s1518,1542
s1520,4916
s1521,4450
s1521,4787
s1521,1528
s1521,4771
s1522,4916
s1523,4916
s1524,2298
s1525,2685
s1526,3304
s1527,391
s1530,1840
s1531,202
s1532,1385
s1533,325
s1533,3578
s1534,3651
s1535,2340
s1537,630
s1538,2634
s1541,4653
s1542,1290
s1542,2058
s1543,4819
s1545,3191
s1550,1381
s1551,4257
s1557,1252
s1558,1453
s1559,1872
s1559,1415
s1561,4033
s1562,1575
s1564,1154
s1565,2593
s1566,4582
s1567,2784
s1568,2340
s1569,2340
s1572,4500
s1576,2286
s1577,2531
s1581,578
s1581,232
s1581,2496
s1582,4397
s1583,2148
s1585,4551
s1587,1865
s1588,4445
s1588,897
s1588,2700
s1589,916
s1592,1334
s1592,2489
s1593,1180
s1596,1083
s1598,247
s1599,1931
s1600,2844
s1601,1045
s1602,3944
s1603,969
s1605,474
s1607,367
s1609,3032
s1610,977
s1611,3993
s1613,2200
s1614,3859
s1617,1567
s1618,3627
s1621,3657
s1622,4315
s1625,3993
s1627,663
s1630,1177
s1631,2931
s1632,2010
s1633,576
s1634,673
s1636,4365
s1636,190
s1637,3419
s1638,4984
s1643,2738
s1644,2633
s1645,521
s1646,676
s1647,3002
s1648,756
s1649,1314
s1651,3538
s1652,837
s1653,4752
s1654,4752
s1655,504
s1656,1610
s1656,4514
s1657,3993
s1658,740
s1660,2982
s1661,1600
s1663,3205
s1664,1149
s1665,3934
s1666,4781
s1667,4384
s1670,4870
s1670,3083
s1672,3217
s1674,404
s1675,4299
s1676,1035
s1677,4774
s1678,756
s1679,404
s1680,3980
s1681,3832
s1682,3175
s1683,756
s1684,4295
s1686,4523
s1687,2662
s1690,1994
s1691,4045
s1691,981
s1692,2354
s1695,920
s1695,2550
s1696,2354
s1700,3068
s1701,979
s1703,487
s1704,1079
s1705,3819
s1706,1254
s1707,2968
s1708,756
s1710,3554
s1711,4028
s1713,403
s1714,2730
s1715,3317
s1716,730
s1721,4736
s1722,4417
s1722,2313
s1726,2572
s1728,4852
s1729,111
s1729,2202
s1729,2257
s1730,2492
s1732,3458
s1733,391
s1734,158
s1735,3023
s1736,4020
s1737,2947
s1740,2354
s1742,3281
s1743,1908
s1744,4554
s1745,1348
s1748,4965
s1748,883
s1750,3090
s1752,772
s1753,772
s1754,2025
s1762,3854
s1763,3587
s1764,3351
s1765,3424
s1768,1832
s1769,882
s1771,4257
s1772,2318
s1773,1676
s1775,4358
s1776,3816
s1777,4693
s1778,4571
s1781,3434
s1784,4130
s1785,1462
s1786,2188
s1787,397
s1788,3368
s1789,526
s1790,1895
s1793,3012
s1794,3287
s1795,779
s1795,807
s1796,3754
s1797,2597
s1798,4744
s1799,1566
s1801,4586
s1801,147
s1802,1581
s1803,857
s1806,2504
s1806,3577
s1807,1914
s1808,991
s1809,840
s1810,756
s1811,2515
s1812,2394
s1813,4615
s1815,556
s1816,3870
s1817,1218
s1818,2933
s1819,3644
s1820,256
s1821,3644
s1822,3644
s1823,2933
s1824,3776
s1825,1011
s1826,3778
s1827,2933
s1828,3644
s1830,4970
s1831,4229
s1832,2933
s1833,2259
s1834,4077
s1834,836
s1836,4001
s1837,1058
s1837,3089
s1839,4601
s1841,2833
s1843,15
s1844,2670
s1845,3714
s1846,4081
s1847,3605
s1850,1672
s1851,2607
s1854,3567
s1854,129
s1856,2480
s1856,3619
s1857,745
s1858,738
s1859,2453
s1860,610
s1862,1796
s1863,499
s1864,1691
s1866,3309
s1867,3754
s1868,181
s1870,3691
s1871,3044
s1873,3716
s1875,588
s1875,2363
s1877,1258
s1880,4402
s1881,3565
s1882,3160
s1883,1441
s1884,2206
s1885,892
s1887,146
s1887,2240
s1887,2444
s1888,275
s1889,4742
s1892,4743
s1893,190
s1893,4365
s1897,2459
s1898,4452
s1899,1212
s1900,707
s1901,3464
s1902,4073
s1903,81
s1904,632
s1905,1293
s1905,3855
s1906,729
s1910,1514
s1912,48
s1913,4517
s1914,2692
s1914,428
s1917,1098
s1920,3228
s1921,1384
s1922,3956
s1925,4359
s1927,2029
s1928,1428
s1931,4668
s1932,2102
s1935,2637
s1936,3488
s1937,972
s1938,2637
s1939,3744
s1940,35
s1941,3980
s1942,2453
s1943,35
s1944,1794
s1945,1796
s1946,3298
s1947,340
s1951,3880
s1954,3465
s1958,4260
s1960,1688
s1961,2283
s1961,3805
s1963,4341
s1964,3391
s1965,4273
s1966,4273
s1966,4722
s1967,4273
s1967,4722
s1968,4944
s1969,4273
s1970,4273
s1971,2952
s1972,4324
s1973,3739
s1975,4606
s1976,116
s1977,3747
s1978,145
s1982,774
s1983,4202
s1985,1423
s1986,1505
s1987,4202
s1988,3046
s1993,2565
s1996,395
s1997,731
s1998,1897
s1999,3643
s2000,3489
s2001,842
s2002,3613
s2004,3740
s2005,4400
s2006,4699
s2008,1946
s2011,1142
s2012,3815
s2015,4256
s2016,4156
s2017,30
s2018,2790
s2019,2790
s2020,3672
s2021,2825
s2023,2462
s2024,2802
s2025,1650
s2026,4793
s2027,4097
s2028,2464
s2028,248
s2029,100
s2030,3032
s2031,417
s2032,3030
s2034,3582
s2035,2864
s2036,1995
s2037,822
s2039,3661
s2039,1890
s2040,4644
s2042,1139
s2044,3636
s2046,792
s2047,1962
s2049,19
s2050,391
s2051,2346
s2051,4017
s2052,1341
s2053,2925
s2056,1392
s2057,4599
s2058,3322
s2060,509
s2061,991
s2062,930
s2066,493
s2068,1744
s2072,847
s2073,4185
s2075,21
s2076,1237
s2077,982
s2077,3585
s2077,2995
s2078,1434
s2080,3740
s2081,1613
s2082,2926
s2082,4636
s2083,4237
s2084,2057
s2085,652
s2088,855
s2088,2841
s2089,1086
s2091,1111
s2092,2665
s2093,959
s2095,1809
s2096,3293
s2101,4850
s2104,471
s2105,575
s2108,4713
s2109,1748
s2111,2498
s2112,4198
s2115,3674
s2116,1468
s2117,3377
s2118,4106
s2120,768
s2121,4658
s2122,4211
s2127,452
s2129,366
s2130,938
s2131,1376
s2132,610
s2133,1723
s2133,424
s2138,3808
s2139,395
s2140,395
s2142,4247
s2143,3898
s2144,4729
s2147,4778
s2148,2572
s2150,2847
s2151,1461
s2155,4424
s2156,3870
s2160,2615
s2162,2951
s2164,1447
s2165,3513
s2167,4365
s2167,190
s2168,4162
s2170,2557
s2172,3159
s2173,1046
s2177,3166
s2178,4397
s2180,2264
s2183,3050
s2184,925
s2186,3811
s2186,3370
s2187,1746
s2188,2421
s2188,3827
s2189,423
s2192,4982
s2194,4767
s2195,3386
s2196,349
s2197,3142
s2198,2975
s2199,1906
s2200,4457
s2201,3553
s2203,545
s2205,1493
s2206,4562
s2207,586
s2208,4682
s2208,4167
s2209,1610
s2209,4514
s2210,4692
s2211,1410
s2212,4947
s2214,4808
s2215,175
s2216,107
s2217,4298
s2220,2695
s2220,1379
s2221,4882
s2222,1057
s2222,1469
s2225,1161
s2229,2663
s2229,757
s2232,4643
s2232,4725
s2233,3616
s2234,489
s2235,3227
s2240,1021
s2241,4373
s2243,1705
s2244,4444
s2245,328
s2245,2124
s2246,752
s2248,270
s2249,4456
s2251,1572
s2252,4893
s2253,1477
s2257,702
s2258,953
s2258,2392
s2260,1667
s2261,852
s2261,2578
s2262,4184
s2263,933
s2263,817
s2264,3695
s2265,4055
s2266,3694
s2267,4822
s2268,404
s2268,1193
s2268,2388
s2268,4975
s2269,378
s2270,4348
s2271,1076
s2272,1478
s2273,3374
s2274,2551
s2275,2376
s2276,3715
s2277,4452
s2278,4286
s2279,3441
s2280,3832
s2281,4156
s2282,4741
s2283,1183
s2284,4519
s2285,4291
s2286,20
s2286,2964
s2287,2760
s2288,4799
s2289,538
s2290,3307
s2291,8
s2292,1635
s2295,2591
s2296,3760
s2297,3784
s2301,4280
s2303,1368
s2303,2085
s2305,4047
s2305,365
s2308,2586
s2309,4072
s2310,763
s2311,520
s2312,685
s2313,763
s2315,3009
s2316,3075
s2317,238
s2317,3912
s2318,3560
s2320,4941
s2322,4718
s2324,3408
s2325,3760
s2326,1005
s2327,32
s2329,3711
s2331,1078
s2333,3439
s2334,1259
s2337,32
s2339,3792
s2340,4340
s2341,4340
s2342,625
s2342,2216
s2343,409
s2345,1522
s2346,1325
s2348,3246
s2349,1814
s2351,2413
s2351,2614
s2352,118
s2354,415
s2355,4942
s2357,1279
s2359,1625
s2361,3465
s2362,4942
s2364,3431
s2365,2345
s2365,4680
s2366,4942
s2367,4942
s2368,4942
s2369,4942
s2370,4942
s2371,3471
s2372,1259
s2373,2813
s2374,4942
s2375,1553
s2376,4942
s2377,4942
s2378,3601
s2380,2073
s2381,3481
s2382,3408
s2383,1607
s2386,2301
s2387,81
s2388,1814
s2390,2
s2392,1373
s2392,3652
s2393,3329
s2394,4352
s2398,3101
s2399,2534
s2403,211
s2404,491
s2406,3900
s2408,1546
s2411,3502
s2412,4027
s2413,515
s2413,4671
s2414,119
s2414,286
s2415,2384
s2417,3065
s2419,3200
s2420,82
s2421,404
s2422,3227
s2424,3634
s2425,3435
s2428,288
s2429,3244
s2430,100
s2431,1622
s2432,4088
s2434,4839
s2435,1795
s2436,4839
s2437,97
s2438,4100
s2439,2498
s2440,4840
s2442,1825
s2443,4270
s2444,4914
s2446,4059
s2447,4669
s2449,1665
s2452,2810
s2455,1876
s2456,3324
s2457,3070
s2458,104
s2459,348
s2461,4942
s2464,105
s2465,105
s2466,161
s2468,1409
s2469,2777
s2470,4943
s2471,2059
s2472,2273
s2472,569
s2475,346
s2476,3783
s2478,3773
s2479,1738
s2479,4936
s2479,120
s2480,3116
s2481,3393
s2481,1511
s2481,3177
s2481,2169
s2481,3906
s2482,3760
s2483,239
s2484,1431
s2485,1432
s2486,332
s2488,4101
s2489,1768
s2490,1768
s2491,1700
s2492,1751
s2493,3238
s2493,1673
s2494,2709
s2495,188
s2495,4093
s2497,3807
s2498,481
s2499,737
s2501,3035
s2502,4058
s2503,4270
s2504,97
s2505,213
s2506,95
s2507,95
s2508,2867
s2510,4839
s2511,213
s2512,1645
s2513,4840
s2514,1270
s2517,3207
s2521,2732
s2522,2613
s2523,4970
s2528,4322
s2532,1373
s2532,3652
s2533,1373
s2533,3652
s2534,4071
s2535,3212
s2536,3407
s2537,2336
s2538,73
s2539,4057
s2540,1246
s2541,4729
s2542,1767
s2544,903
s2545,4818
s2546,3754
s2548,1221
s2550,4864
s2551,1433
s2554,975
s2554,1750
s2554,2626
s2554,141
s2556,4040
s2557,1657
s2558,1708
s2559,3783
s2560,3261
s2561,3576
s2562,2097
s2563,16
s2564,2729
s2565,449
s2566,1729
s2567,184
s2568,1405
s2571,4257
s2572,4217
s2573,4257
s2574,654
s2577,2109
s2578,3136
s2579,3429
s2580,190
s2580,4365
s2582,2005
s2583,1317
s2583,4660
s2585,946
s2588,4279
s2590,3251
s2592,223
s2593,620
s2593,3592
s2594,2122
s2595,2122
s2596,2122
s2597,1165
s2598,3095
s2602,695
s2603,4318
s2604,1074
s2604,806
s2605,831
s2606,4953
s2608,3440
s2611,4145
s2613,3239
s2613,4512
s2614,4216
s2615,103
s2615,1707
s2616,1663
s2617,2589
s2618,1417
s2619,536
s2620,450
s2621,4953
s2622,4953
s2623,3547
s2624,100
s2625,2967
s2626,1794
s2627,2222
s2630,4768
s2631,2498
s2633,2946
s2634,268
s2635,3132
s2636,101
s2637,99
s2638,3203
s2639,100
s2643,770
s2645,3320
s2647,4745
s2648,4745
s2650,1672
s2651,4932
s2653,3713
s2654,3532
s2655,3377
s2656,2849
s2657,2550
s2660,4034
s2664,372
s2668,3254
s2669,2323
s2672,964
s2673,1602
s2674,1410
s2675,2666
s2676,84
s2676,3459
s2678,1350
s2678,2114
s2679,2209
s2680,1200
s2681,1776
s2682,218
s2683,1201
s2684,1298
s2686,2547
s2687,2981
s2688,4693
s2689,3440
s2691,1988
s2694,1141
s2695,1596
s2695,3037
s2696,1955
s2697,4372
s2698,143
s2701,3583
s2702,2768
s2703,853
s2704,1251
s2705,4186
s2706,3487
s2707,4933
s2708,3833
s2710,3073
s2712,3477
s2712,2742
s2713,429
s2714,122
s2715,1692
s2716,3241
s2717,2390
s2718,3750
s2720,1063
s2720,2214
s2721,4550
s2722,3767
s2723,2789
s2724,3733
s2725,3693
s2726,2789
s2727,4815
s2729,4252
s2730,4332
s2731,2388
s2732,2388
s2733,3364
s2734,4233
s2735,2388
s2736,4799
s2738,3750
s2738,355
s2738,231
s2739,3673
s2742,280
s2745,3847
s2745,2401
s2746,1424
s2748,3825
s2750,1473
s2751,3793
s2753,4796
s2755,1093
s2756,4395
s2757,3758
s2758,4079
s2759,1517
s2761,1178
s2763,3166
s2764,4514
s2764,1610
s2767,3308
s2769,3519
s2770,1287
s2770,1775
s2771,4636
s2771,2926
s2772,3686
s2774,4976
s2776,3303
s2777,2932
s2779,12
s2781,4531
s2782,4979
s2782,1118
s2783,3769
s2787,1443
s2790,1488
s2796,1319
s2796,3804
s2797,1437
s2799,2183
s2800,4522
s2800,4937
s2801,2807
s2802,4485
s2804,2959
s2806,3655
s2807,1998
s2810,4164
s2811,3270
s2812,2122
s2813,2122
s2814,2764
s2815,2122
s2816,3300
s2818,4381
s2820,3461
s2821,4380
s2822,2516
s2823,2702
s2824,3038
s2829,2253
s2830,2765
s2831,4249
s2832,4701
s2833,87
s2834,4016
s2835,878
s2836,4366
s2837,3587
s2838,1002
s2840,4406
s2841,4716
s2843,2535
s2844,952
s2845,4196
s2845,3768
s2846,952
s2847,739
s2848,46
s2848,4956
s2849,2729
s2850,2867
s2851,463
s2852,4977
s2853,2781
s2854,3185
s2857,4326
s2859,3215
s2860,3006
s2861,2946
s2862,2640
s2863,4972
s2864,3558
s2865,1639
s2866,4905
s2867,4076
s2868,652
s2874,4716
s2877,2571
s2877,3231
s2878,212
s2878,3048
s2878,1384
s2878,3204
s2878,1372
s2879,4646
s2880,4846
s2882,1021
s2883,3377
s2885,3463
s2886,4223
s2887,1930
s2888,3918
s2890,4702
s2891,3141
s2896,3388
s2897,1984
s2898,1152
s2899,4339
s2900,2688
s2902,4648
s2904,345
s2905,3705
s2906,3483
s2907,4699
s2908,3588
s2909,1938
s2910,483
s2912,3866
s2912,4860
s2913,3954
s2914,3130
s2915,3422
s2916,677
s2917,452
s2919,789
s2920,4521
s2920,4037
s2920,2803
s2924,3496
s2924,803
s2925,3544
s2925,410
s2926,3079
s2929,569
s2929,2273
s2930,297
s2931,291
s2933,302
s2934,2605
s2935,2753
s2936,4239
s2937,2577
s2940,1987
s2941,2567
s2944,1916
s2947,479
s2947,370
s2948,1868
s2949,2314
s2949,2012
s2950,3288
s2950,49
s2951,1822
s2952,3922
s2953,1619
s2955,1984
s2956,205
s2957,4899
s2958,4340
s2961,3853
s2962,203
s2963,4591
s2964,1342
s2969,1479
s2970,4340
s2971,1736
s2973,1970
s2974,3439
s2976,2595
s2979,4244
s2982,1115
s2986,3766
s2987,1653
s2988,4819
s2988,113
s2989,2277
s2989,2284
s2990,900
s2991,2191
s2996,963
s2997,173
s3000,3697
s3003,3480
s3003,2304
s3004,2562
s3005,2779
s3007,1148
s3008,1104
s3009,4328
s3010,4728
s3015,749
s3017,4612
s3018,3404
s3019,662
s3020,4936
s3022,1037
s3023,3882
s3024,3484
s3026,307
s3027,4877
s3028,1066
s3028,966
s3030,3532
s3032,4401
s3033,3180
s3037,4348
s3039,4656
s3042,1218
s3044,1103
s3045,2874
s3047,4927
s3049,3212
s3052,1265
s3055,4755
s3058,2899
s3058,2587
s3059,2899
s3059,1311
s3060,2899
s3061,404
s3061,1193
s3061,2388
s3061,4975
s3062,3117
s3063,2128
s3065,2729
s3068,2361
s3069,1629
s3070,4576
s3071,1265
s3073,2158
s3074,4413
s3078,3789
s3079,4349
s3081,2213
s3082,687
s3090,4948
s3091,324
s3092,1302
s3094,3410
s3095,1277
s3097,2644
s3098,4686
s3099,125
s3099,3382
s3100,3996
s3101,1218
s3102,4284
s3102,1626
s3103,1835
s3105,3581
s3106,3830
s3108,1105
s3110,2722
s3111,4475
s3113,3440
s3114,1374
s3115,1458
s3116,3440
s3117,1412
s3119,3961
s3122,2911
s3124,4194
s3125,3403
s3125,4502
s3125,3722
s3125,3949
s3125,1587
s3125,3189
s3125,4541
s3125,2797
s3125,27
s3125,2555
s3125,4504
s3126,4658
s3127,2386
s3131,3408
s3132,1382
s3133,4975
s3134,1382
s3135,1382
s3136,3234
s3137,34
s3138,4721
s3139,1405
s3140,3810
s3141,1854
s3142,4792
s3143,1382
s3144,4975
s3145,4280
s3146,36
s3148,3810
s3150,4975
s3151,3059
s3152,3929
s3153,706
s3154,3440
s3155,604
s3156,1206
s3157,3929
s3158,3872
s3159,4285
s3160,4100
s3161,2596
s3162,3907
s3163,4709
s3164,4459
s3165,195
s3167,504
s3168,3513
s3170,3379
s3171,467
s3172,1313
s3175,3133
s3176,3920
s3176,4526
s3179,3440
s3180,3440
s3181,2176
s3187,2689
s3189,3137
s3190,4791
s3191,2990
s3192,3179
s3194,3495
s3195,4210
s3196,3297
s3198,1524
s3199,1855
s3201,4535
s3202,3240
s3203,4509
s3203,3316
s3204,4723
s3206,2743
s3206,1788
s3207,38
s3208,2974
s3210,3227
s3211,2364
s3212,2818
s3214,3161
s3215,810
s3216,3973
s3218,4643
s3219,2662
s3224,1264
s3225,528
s3226,3674
s3227,1285
s3227,2417
s3228,2946
s3229,4217
s3230,4397
s3234,4127
s3235,2935
s3235,3999
s3236,3833
s3238,2321
s3240,4721
s3245,3288
s3245,49
s3249,3218
s3251,1354
s3252,2372
s3254,2300
s3255,3738
s3257,4410
s3260,4621
s3261,3905
s3262,4139
s3263,1275
s3265,4848
s3266,166
s3267,3014
s3268,427
s3269,4253
s3269,4104
s3273,3279
s3274,4215
s3279,4758
s3281,2804
s3286,1529
s3290,896
s3291,4653
s3293,2267
s3297,2758
s3298,4896
s3300,3570
s3301,3647
s3303,4968
s3304,2729
s3306,3305
s3308,495
s3309,2342
s3310,2662
s3312,2980
s3313,3508
s3316,4162
s3318,4162
s3319,4174
s3320,3796
s3320,4436
s3321,4391
s3322,2103
s3323,4808
s3324,1315
s3325,4862
s3327,2886
s3330,2461
s3332,1695
s3333,1873
s3335,4550
s3336,1231
s3336,4960
s3338,1338
s3339,3053
s3344,612
s3347,2833
s3348,1109
s3349,2856
s3350,1360
s3354,3960
s3354,1484
s3355,2307
s3357,967
s3359,3504
s3360,4146
s3363,676
s3366,1360
s3367,2983
s3372,3465
s3373,944
s3375,599
s3377,3120
s3380,4961
s3381,3121
s3384,320
s3385,1580
s3385,1532
s3387,1769
s3388,4946
s3389,1571
s3390,556
s3391,3674
s3392,4598
s3393,87
s3399,901
s3400,1458
s3403,4953
s3406,1029
s3408,1219
s3409,1249
s3410,4425
s3412,4693
s3413,4731
s3414,1631
s3418,531
s3419,2660
s3420,2514
s3422,901
s3423,2716
s3424,106
s3425,1972
s3426,2673
s3426,2467
s3428,1650
s3429,4807
s3430,627
s3432,623
s3433,4318
s3435,1169
s3437,3280
s3439,2028
s3440,2379
s3442,4034
s3444,291
s3447,4760
s3449,3444
s3451,4813
s3452,4724
s3457,1846
s3457,4397
s3460,2745
s3461,279
s3462,2645
s3466,4012
s3469,4836
s3472,3336
s3473,4431
s3473,3537
s3476,1790
s3476,3395
s3477,3379
s3478,1038
s3479,842
s3480,2812
s3481,2812
s3483,1633
s3485,2074
s3486,2338
s3486,2541
s3486,3056
s3486,2961
s3486,435
s3486,1726
s3486,4518
s3486,1294
s3486,1649
s3486,4278
s3487,2819
s3488,4889
s3491,3457
s3493,502
s3494,502
s3495,3085
s3496,4718
s3497,3724
s3498,418
s3499,1157
s3501,4166
s3504,2880
s3507,2508
s3507,3521
s3508,536
s3510,4113
s3512,2057
s3513,2831
s3514,4649
s3515,3140
s3517,502
s3518,3780
s3519,187
s3521,2589
s3523,4566
s3524,3405
s3529,3154
s3530,3450
s3531,402
s3532,2788
s3533,4578
s3534,4993
s3537,1383
s3538,1
s3539,3623
s3542,1704
s3543,3623
s3543,2628
s3545,576
s3546,104
s3548,4038
s3548,2327
s3549,1405
s3550,156
s3555,2293
s3556,3972
s3557,4841
s3558,4857
s3560,4361
s3561,4926
s3564,3726
s3565,4474
s3566,3236
s3567,4160
s3568,4417
s3568,2313
s3569,453
s3570,453
s3571,453
s3573,2340
s3575,2312
s3583,4549
s3584,3123
s3587,2466
s3590,4804
s3590,404
s3591,823
s3591,805
s3591,4852
s3591,2696
s3591,2684
s3591,4268
s3591,4904
s3592,1200
s3594,2836
s3595,359
s3596,4831
s3597,150
s3600,3927
s3603,5
s3604,2105
s3604,941
s3606,2055
s3614,4275
s3615,4275
s3617,4460
s3618,2129
s3619,2784
s3620,2596
s3621,4244
s3622,598
s3623,2097
s3624,171
s3626,2063
s3627,1342
s3629,726
s3631,4790
s3632,3625
s3635,1565
s3636,2867
s3638,2250
s3639,3179
s3640,3430
s3642,4198
s3644,2397
s3644,2008
s3646,1952
s3647,1955
s3647,1160
s3648,1041
s3649,812
s3650,937
s3650,3527
s3651,4629
s3653,1450
s3654,2049
s3658,3616
s3659,78
s3662,3373
s3663,1009
s3669,1557
s3671,4858
s3673,4594
s3676,2101
s3677,295
s3679,999
s3680,4351
s3682,2852
s3682,2882
s3682,2739
s3684,3140
s3694,2689
s3698,1730
s3699,4320
s3700,3908
s3702,4585
s3704,2411
s3707,3943
s3710,3558
s3712,173
s3712,2863
s3714,4460
s3715,4493
s3716,2472
s3718,2057
s3718,2054
s3719,3147
s3720,2740
s3720,330
s3720,1856
s3721,1731
s3729,1731
s3729,2430
s3730,31
s3730,4357
s3731,394
s3732,853
s3733,3623
s3734,1955
s3735,2219
s3736,1861
s3739,2146
s3739,2560
s3740,4121
s3741,4816
s3744,1296
s3748,695
s3754,2579
s3757,2922
s3758,3952
s3759,4244
s3760,2946
s3762,1390
s3764,1808
s3765,1601
s3766,2625
s3767,2296
s3768,1669
s3769,250
s3772,3812
s3773,1355
s3774,3279
s3776,2972
s3777,2867
s3778,2683
s3778,641
s3782,1050
s3784,4126
s3786,954
s3787,1032
s3789,4056
s3791,3759
s3792,1659
s3794,1911
s3796,3261
s3798,4448
s3799,3032
s3801,3869
s3803,3158
s3803,124
s3804,4714
s3805,4765
s3806,2689
s3809,1196
s3810,1730
s3811,1730
s3812,1730
s3814,3573
s3815,4075
s3816,1436
s3817,4375
s3819,2412
s3820,79
s3821,2817
s3823,109
s3826,1589
s3829,23
s3830,4162
s3831,1727
s3833,801
s3834,1969
s3835,4921
s3837,3521
s3842,272
s3843,4923
s3858,182
s3858,3871
s3859,1460
s3860,1674
s3861,1391
s3863,1489
s3864,2093
s3866,2638
s3867,4872
s3869,2814
s3870,390
s3872,3076
s3873,3712
s3874,4497
s3875,2820
s3876,1728
s3878,2867
s3886,1042
s3889,1405
s3890,4953
s3891,4153
s3892,671
s3894,3698
s3895,595
s3896,1365
s3897,4115
s3900,4152
s3904,2017
s3905,3820
s3906,142
s3907,4735
s3908,581
s3909,3849
s3911,3264
s3912,4477
s3913,4831
s3914,4452
s3915,4460
s3916,284
s3917,4347
s3918,2646
s3919,263
s3920,972
s3922,2293
s3923,1697
s3924,1697
s3927,850
s3929,2641
s3929,4928
s3929,2032
s3929,2513
s3930,1405
s3931,2171
s3933,3752
s3934,2403
s3936,2033
s3940,2403
s3946,679
s3948,1405
s3949,3952
s3949,347
s3951,4267
s3952,4242
s3953,2662
s3955,4602
s3956,4263
s3958,1337
s3960,3460
s3961,4074
s3963,4496
s3964,2588
s3967,2156
s3968,4581
s3973,488
s3974,1672
s3975,4034
s3976,3729
s3978,1948
s3979,781
s3979,3648
s3983,3449
s3984,4441
s3986,1999
s3991,4854
s3992,2295
s3993,1931
s3994,2957
s3995,4582
s3996,2743
s3998,2391
s3998,4803
s4000,274
s4001,3861
s4003,3650
s4004,4911
s4005,1436
s4006,2752
s4008,2831
s4009,3117
s4009,3001
s4010,2831
s4011,3117
s4012,1459
s4014,81
s4018,2957
s4019,3426
s4020,2295
s4021,4582
s4022,756
s4025,1833
s4026,664
s4032,1783
s4032,1696
s4034,906
s4035,1306
s4037,929
s4038,1645
s4039,4854
s4040,3426
s4041,391
s4042,3402
s4046,2465
s4047,2784
s4048,4020
s4049,1812
s4050,4
s4051,1474
s4052,3397
s4053,3303
s4054,4897
s4059,2221
s4060,1448
s4061,3598
s4062,3752
s4063,821
s4065,3962
s4065,3660
s4066,2928
s4067,3150
s4068,742
s4069,756
s4070,4854
s4071,2784
s4072,2784
s4073,4354
s4074,756
s4075,756
s4076,756
s4077,756
s4078,991
s4079,3426
s4081,3060
s4082,3568
s4083,2840
s4084,4034
s4086,441
s4087,180
s4088,1278
s4089,3499
s4092,4890
s4093,3546
s4094,3071
s4095,4489
s4096,2484
s4097,2993
s4098,3677
s4099,1498
s4100,1010
s4101,2853
s4102,4240
s4103,4452
s4104,3744
s4105,2604
s4107,1678
s4108,4066
s4109,4539
s4111,1845
s4111,2778
s4113,4054
s4114,1019
s4116,2209
s4118,3795
s4121,4425
s4122,4664
s4124,2445
s4125,2330
s4129,3116
s4134,2193
s4135,271
s4136,52
s4136,2047
s4136,4711
s4136,1331
s4137,1755
s4137,2785
s4139,3875
s4140,3069
s4147,985
s4148,2809
s4149,3494
s4151,253
s4152,3495
s4153,3375
s4154,2831
s4155,715
s4156,4973
s4157,47
s4158,1375
s4159,2835
s4160,1672
s4161,2573
s4162,1672
s4162,3039
s4165,2045
s4166,2610
s4166,2292
s4170,1523
s4174,333
s4174,1195
s4175,4209
s4177,858
s4178,2227
s4181,327
s4182,3012
s4183,1819
s4186,4323
s4187,1698
s4189,4149
s4191,1416
s4192,4503
s4193,2642
s4194,3879
s4195,3952
s4196,3952
s4198,1526
s4199,991
s4204,573
s4205,1764
s4206,1609
s4209,2538
s4209,1743
s4210,2569
s4211,3385
s4212,3384
s4213,4990
s4214,2710
s4215,1537
s4218,4572
s4218,4574
s4220,4912
s4222,2653
s4223,1952
s4224,2571
s4225,3781
s4226,3763
s4229,2143
s4230,2143
s4232,833
s4233,833
s4234,2471
s4234,1094
s4235,3545
s4237,2329
s4238,4844
s4239,4844
s4240,4844
s4243,3538
s4244,3392
s4245,1286
s4247,2978
s4248,2978
s4249,1952
s4250,3904
s4253,4981
s4256,3757
s4259,1256
s4260,1588
s4263,3381
s4268,2503
s4269,4488
s4276,1802
s4278,1568
s4279,3786
s4281,4404
s4282,4082
s4283,1928
s4284,4105
s4285,2116
s4285,4605
s4286,3679
s4287,2213
s4288,4356
s4290,1271
s4290,2174
s4292,3066
s4293,1075
s4294,4590
s4295,1884
s4296,4192
s4298,4303
s4300,2978
s4302,2978
s4303,1628
s4304,2832
s4307,206
s4314,2149
s4314,3278
s4315,2867
s4316,2861
s4318,368
s4319,2869
s4320,338
s4322,2965
s4323,671
s4324,1846
s4325,577
s4326,842
s4329,108
s4330,311
s4331,802
s4332,1310
s4333,2410
s4334,2190
s4335,2623
s4336,3670
s4337,3269
s4338,2190
s4339,2190
s4340,508
s4342,2668
s4342,2751
s4343,1968
s4344,311
s4346,1393
s4347,1185
s4349,1512
s4350,2697
s4352,2176
s4353,977
s4355,2258
s4355,4213
s4356,221
s4358,3276
s4359,2646
s4361,3984
s4362,4197
s4365,1172
s4365,3171
s4370,911
s4371,1407
s4374,3939
s4375,3952
s4376,3719
s4378,1119
s4379,2660
s4383,1007
s4384,1463
s4386,2114
s4386,1350
s4389,4751
s4391,2354
s4392,3365
s4393,4620
s4394,3267
s4395,3372
s4395,1940
s4396,4495
s4397,111
s4397,2202
s4398,1335
s4399,885
s4402,4809
s4403,875
s4405,1106
s4412,4564
s4415,2969
s4417,4137
s4418,635
s4419,3451
s4420,3224
s4421,1797
s4422,3734
s4423,3817
s4424,3817
s4425,430
s4426,3777
s4427,403
s4428,2453
s4429,2354
s4430,3689
s4430,2545
s4432,4828
s4433,4741
s4434,1642
s4435,621
s4436,1652
s4438,265
s4439,3734
s4440,501
s4441,3181
s4442,2780
s4443,4064
s4444,4063
s4445,2564
s4446,36
s4447,4468
s4448,1506
s4449,3360
s4450,403
s4451,2596
s4452,3374
s4453,3299
s4454,3734
s4455,1193
s4456,4606
s4457,2568
s4458,3671
s4459,3704
s4460,1525
s4461,2482
s4463,2020
s4464,121
s4465,4295
s4467,4157
s4468,996
s4469,2045
s4471,4882
s4472,4625
s4473,163
s4474,4212
s4476,4114
s4478,4797
s4481,4831
s4482,4041
s4483,4402
s4485,1218
s4487,2087
s4487,694
s4491,2863
s4493,3601
s4494,2512
s4497,3749
s4500,1099
s4501,4620
s4503,4588
s4506,4654
s4507,350
s4508,3753
s4510,4224
s4511,1499
s4513,3559
s4514,2126
s4515,3486
s4516,3889
s4517,2504
s4520,4136
s4523,3541
s4525,4025
s4525,1044
s4526,4361
s4527,2374
s4529,838
s4533,3414
s4534,4530
s4538,2423
s4539,3345
s4540,1218
s4541,1320
s4541,472
s4542,379
s4544,4871
s4545,1320
s4546,4871
s4548,4573
s4548,1779
s4549,3970
s4549,1891
s4553,4574
s4555,1779
s4556,149
s4557,4316
s4558,2354
s4559,3764
s4560,3256
s4561,1153
s4562,3759
s4563,404
s4564,2828
s4565,4230
s4566,4233
s4567,4627
s4568,265
s4569,254
s4570,3500
s4572,403
s4573,3978
s4574,452
s4575,462
s4576,4821
s4577,3978
s4578,4253
s4579,3692
s4580,498
s4581,3825
s4582,4324
s4583,4098
s4584,773
s4585,508
s4586,265
s4587,3251
s4588,3743
s4589,3707
s4590,1815
s4591,1815
s4592,1101
s4593,4588
s4594,262
s4595,3495
s4596,1857
s4597,4463
s4598,2375
s4599,127
s4600,3357
s4601,2964
s4601,20
s4602,20
s4602,2964
s4603,4817
s4604,4802
s4606,4788
s4607,1256
s4608,4468
s4610,4151
s4611,4804
s4612,3256
s4613,490
s4614,4301
s4615,4065
s4616,361
s4617,2456
s4618,3219
s4619,1662
s4620,2042
s4621,2510
s4625,3952
s4626,4983
s4626,1557
s4627,375
s4631,3787
s4631,137
s4642,425
s4643,3354
s4647,168
s4650,2242
s4654,2776
s4657,2493
s4657,2100
s4658,1781
s4660,1449
s4661,3753
s4662,2057
s4665,3597
s4666,3434
s4667,3696
s4668,3443
s4669,1941
s4670,2385
s4672,4109
s4676,2968
s4680,4281
s4681,4539
s4682,4
s4684,2243
s4685,4634
s4686,3526
s4687,3156
s4688,1661
s4689,1776
s4691,454
s4692,464
s4693,3791
s4694,3702
s4695,4288
s4698,2838
s4699,4482
s4700,4903
s4701,4804
s4702,4015
s4706,3172
s4707,1859
s4708,1429
s4709,161
s4713,39
s4714,4048
s4715,3361
s4716,4901
s4716,4935
s4716,1675
s4719,2619
s4720,4821
s4721,4799
s4721,3376
s4722,2780
s4723,36
s4724,2501
s4725,4122
s4726,4821
s4727,1794
s4728,3693
s4729,4279
s4730,3685
s4731,452
s4732,3671
s4733,3759
s4734,3666
s4735,1794
s4736,2816
s4737,340
s4738,4821
s4740,2053
s4740,3437
s4741,3475
s4746,4560
s4747,4560
s4749,4684
s4750,3801
s4750,1907
s4752,557
s4754,2527
s4756,38
s4757,4410
s4758,1002
s4761,843
s4766,195
s4769,201
s4770,2538
s4770,1743
s4771,910
s4774,1105
s4775,4184
s4776,1194
s4780,2635
s4782,3801
s4782,1907
s4783,2090
s4784,4107
s4785,196
s4786,2482
s4787,4171
s4788,4171
s4789,2867
s4790,4092
s4791,3732
s4792,613
s4792,896
s4793,498
s4794,2370
s4795,3146
s4796,3365
s4797,4103
s4798,4818
s4800,2297
s4801,2376
s4802,577
s4802,960
s4803,4283
s4804,1955
s4806,4920
s4807,2986
s4809,3801
s4809,1907
s4811,3964
s4812,1272
s4813,1388
s4815,4244
s4817,4201
s4818,3249
s4820,1554
s4823,3822
s4824,2777
s4824,2211
s4826,4975
s4826,2388
s4826,404
s4826,1193
s4827,3409
s4828,2877
s4828,1771
s4829,903
s4830,3775
s4831,1257
s4834,949
s4835,2007
s4836,4735
s4840,4225
s4841,3296
s4843,2765
s4844,1395
s4848,3390
s4850,3801
s4850,1907
s4851,185
s4852,2867
s4855,4605
s4856,2378
s4859,680
s4860,3047
s4861,3307
s4862,1703
s4864,1955
s4865,373
s4865,57
s4867,3801
s4867,1907
s4868,4708
s4868,517
s4869,4808
s4871,622
s4872,994
s4873,4337
s4874,3939
s4876,317
s4877,1810
s4878,3893
s4878,2002
s4879,398
s4881,3821
s4882,2189
s4883,3520
s4884,1405
s4885,2078
s4886,1182
s4887,244
s4888,1430
s4888,3983
s4889,2334
s4890,2728
s4891,188
s4892,2354
s4894,207
s4898,1627
s4898,1071
s4900,3689
s4902,1209
s4903,4776
s4905,261
s4906,4563
s4907,1140
s4908,551
s4910,956
s4912,2611
s4913,3936
s4916,3015
s4917,1936
s4917,1061
s4918,962
s4918,2509
s4918,3959
s4919,4117
s4920,336
s4921,3427
s4922,2920
s4923,1128
s4923,1709
s4924,3575
s4928,2678
s4929,2280
s4930,1273
s4932,3620
s4933,3608
s4935,2898
s4936,4031
s4937,1702
s4938,1175
s4939,4034
s4940,2021
s4941,3801
s4941,1907
s4944,1770
s4945,2377
s4946,29
s4948,1198
s4949,3689
s4951,4034
s4953,1377
s4954,283
s4955,1377
s4956,267
s4957,498
s4959,2104
s4960,3428
s4961,1917
s4963,3801
s4963,1907
s4964,2654
s4966,3156
s4967,3156
s4969,990
s4970,3179
s4971,2579
s4972,3151
s4973,1048
s4975,3092
s4976,86
s4978,636
s4980,228
s4982,4931
s4983,4467
s4984,2123
s4987,2875
s4988,4909
s4990,2154
s4991,4779
s4992,2429
s4994,2948
s4996,4746
s4997,3553
s4997,3874
s4999,3117
s5000,555
s5002,3801
s5002,1907
s5003,3801
s5003,1907
s5004,3946
s5007,3194
s5008,2821
s5009,2821
s5010,1076
s5011,3706
s5012,2603
s5013,259
s5014,732
s5015,452
s5016,3177
s5016,2169
s5016,3906
s5017,3177
s5017,2169
s5017,3906
s5018,3177
s5018,2169
s5018,3906
s5019,3156
s5020,3156
s5021,3182
s5022,2821
s5023,1749
s5025,2867
s5026,3484
s5029,1236
s5032,1664
s5034,1476
s5035,2879
s5038,4378
s5040,613
s5041,281
s5042,3941
s5042,4343
s5043,1070
s5044,4533
s5045,422
s5046,2596
s5048,2333
s5050,3101
s5051,1791
s5052,4939
s5054,1230
s5055,983
s5056,4203
s5057,2949
s5059,1944
s5059,1945
s5060,1133
s5061,3101
s5063,3801
s5063,1907
s5065,1806
s5067,3801
s5067,1907
s5068,4176
s5069,4131
s5069,3478
s5072,3101
s5073,788
s5074,2976
s5074,4492
s5075,828
s5077,3801
s5077,1907
s5078,2538
s5078,1743
s5080,2609
s5080,4740
s5081,3751
s5082,3829
s5084,1113
s5085,3024
s5086,824
s5087,1955
s5089,3183
s5092,3163
s5093,2959
s5094,945
s5095,2256
s5097,4917
s5101,4361
s5102,169
s5103,1949
s5105,2737
s5107,1180
s5108,3401
s5109,1952
s5111,3524
s5112,1012
s5114,1062
s5115,1197
s5116,2857
s5116,2354
s5117,2762
s5118,3608
s5122,1338
s5123,4764
s5124,4220
s5125,572
s5128,2867
s5130,1079
s5131,4740
s5132,2609
s5132,4740
s5133,1233
s5134,2115
s5135,1952
s5136,1794
s5137,3058
s5138,1359
s5138,1991
s5143,2657
s5144,3272
s5144,4307
s5145,3432
s5147,211
s5149,3248
s5149,2270
s5152,4289
s5153,2197
s5154,1782
s5157,1062
s5159,518
s5159,2071
s5161,2275
s5162,4718
s5163,1847
s5164,191
s5165,858
s5168,1152
s5172,2867
s5173,134
s5175,1586
s5177,3801
s5177,1907
s5178,2853
s5180,865
s5182,684
s5183,2173
s5184,340
s5185,3490
s5187,240
s5188,1827
s5189,210
s5189,1783
s5190,214
s5191,965
s5197,2308
s5198,1340
s5199,178
s5200,3939
s5202,1623
s5203,2415
s5204,3698
s5205,664
s5208,4961
s5210,1712
s5210,3710
s5212,2041
s5213,3809
s5214,622
s5215,3181
s5218,3782
s5219,1131
s5221,4232
s5223,2796
s5224,4925
s5225,1907
s5226,2735
s5227,3032
s5228,3379
s5229,2795
s5230,626
s5231,1955
s5234,1084
s5235,639
s5236,1562
s5239,741
s5240,1435
s5241,4831
s5242,2393
s5249,4773
s5250,733
s5250,160
s5253,3163
s5254,1848
s5256,3887
s5257,1245
s5261,3259
s5262,2719
s5265,4847
s5266,4980
s5267,848
s5268,277
s5269,3061
s5270,930
s5271,345
s5272,4906
s5274,555
s5276,1272
s5277,3117
s5278,1411
s5280,3963
s5280,1445
s5282,2291
s5283,4482
s5284,2765
s5291,3751
s5293,4697
s5294,4697
s5295,4638
s5297,3751
s5301,3209
s5303,1274
s5304,4235
s5305,4740
s5307,1427
s5308,2269
s5308,4895
s5309,4586
s5309,147
s5310,2609
s5310,4740
s5311,1523
s5311,2881
s5312,1518
s5313,3799
s5314,1817
s5315,2881
s5315,1523
s5316,2867
s5317,4138
s5318,754
s5319,70
s5320,2867
s5323,1014
s5323,4513
s5324,4678
s5326,1952
s5327,1952
s5329,3599
s5330,1971
s5331,2249
s5332,3123
s5333,4861
s5334,1338
s5335,4041
s5336,4041
s5337,4041
s5338,4041
s5339,4041
s5340,4041
s5341,3901
s5342,3010
s5343,3801
s5343,1907
s5344,699
s5345,1369
s5347,1410
s5352,2133
s5354,215
s5358,3028
s5359,1807
s5360,910
s5362,890
s5365,908
s5368,4762
s5369,2077
s5370,1009
s5371,2408
s5372,1387
s5373,1312
s5374,92
s5375,1345
s5376,1689
s5377,1995
s5378,2937
s5379,1952
s5380,1952
s5382,4369
s5386,3518
s5388,3348
s5389,4208
s5390,910
s5392,2649
s5395,1210
s5397,4490
s5399,1535
s5401,2649
s5403,3564
s5409,4740
s5412,3454
s5416,624
s5417,591
s5418,2355
s5419,665
s5420,648
s5421,3376
s5424,4010
s5424,2192
s5425,4176
s5427,1950
s5428,2523
s5428,2433
s5429,1787
s5430,439
s5431,719
s5432,722
s5433,3088
s5436,780
s5441,3448
s5442,2822
s5443,4620
s5443,2520
s5444,4072
s5447,2341
s5448,4740
s5449,1260
s5450,3445
s5451,722
s5452,1260
s5453,1964
s5454,3897
s5455,358
s5456,2468
s5457,1031
s5461,2468
s5462,2649
s5463,4740
s5464,151
s5467,1260
s5468,939
s5469,2677
s5470,4821
s5472,2108
s5473,3723
s5474,1109
s5475,1976
s5476,896
s5477,1743
s5479,2763
s5479,1276
s5481,4034
s5482,3751
s5483,2570
s5484,4327
s5485,226
s5486,3751
s5487,1418
s5488,339
s5490,1242
s5490,1004
s5490,3225
s5491,4188
s5492,3654
s5493,2703
s5494,1990
s5496,1907
s5496,3801
s5497,3057
s5498,2060
s5499,2367
s5500,2789
s5501,3683
s5502,2733
s5503,1865
s5504,1260
s5505,4187
s5506,4451
s5507,1203
s5508,1811
s5508,1804
s5509,2536
s5512,4352
s5513,1358
s5516,1527
s5517,3423
s5518,1394
s5518,3252
s5519,2867
s5522,2067
s5522,3998
s5522,3787
s5523,1406
s5525,58
s5526,1952
s5527,1180
s5528,1180
s5529,1180
s5530,293
s5531,2449
s5532,2885
s5533,3149
s5534,4418
s5535,400
s5536,2662
s5537,1599
s5537,1800
s5540,1557
s5541,2112
s5542,2718
s5544,198
s5545,1866
s5546,2368
s5547,2895
s5548,485
s5549,1934
s5550,3
s5551,1255
s5552,1001
s5553,2506
s5555,2620
s5556,1590
s5557,794
s5558,4244
s5560,1200
s5561,3036
s5562,4677
s5563,4361
s5565,2708
s5566,4498
s5569,2344
s5571,1880
s5572,4133
s5573,1332
s5574,3604
s5574,1892
s5575,4254
s5577,4244
s5578,2851
s5580,1555
s5582,4953
s5583,274
s5585,4204
s5587,4217
s5587,3155
s5588,34
s5589,2767
s5590,4670
s5591,2775
s5595,1119
s5596,2840
s5597,2444
s5598,2303
s5600,3374
s5601,4596
s5603,4076
s5603,4165
s5605,3800
s5606,3011
s5607,3104
s5608,924
s5611,3876
s5613,2082
s5613,872
s5614,4166
s5614,124
s5615,3801
s5615,1907
s5616,2808
s5617,3980
s5618,1377
s5619,4283
s5620,2088
s5621,2241
s5622,3590
s5623,1955
s5624,152
s5625,4511
s5626,64
s5627,2858
s5628,2867
s5629,2893
s5630,356
s5631,809
s5632,3305
s5633,1668
s5634,296
s5635,3022
s5636,708
s5637,1761
s5638,230
s5639,3190
s5640,1980
s5642,505
s5643,1301
s5644,1611
s5645,4749
s5646,3195
s5647,2596
s5648,3979
s5649,4407
s5649,4308
s5650,1865
s5652,35
s5653,1199
s5657,2251
s5658,3881
s5658,2040
s5660,4591
s5661,2831
s5662,4801
s5664,4189
s5665,4317
s5667,2979
s5675,1879
s5677,1280
s5679,3801
s5679,1907
s5680,180
s5682,1900
s5683,3326
s5686,844
s5688,180
s5689,3987
s5690,562
s5692,4052
s5694,63
s5695,1283
s5696,3926
s5697,4290
s5698,3762
s5699,3834
s5702,4772
s5703,2687
s5705,1992
s5706,533
s5707,2958
s5709,3464
s5710,859
s5711,3696
s5712,1907
s5712,3802
s5713,4244
s5713,3135
s5714,2049
s5715,1750
s5718,4833
s5719,2829
s5720,2000
s5722,2711
s5725,2867
s5726,2504
s5726,3858
s5727,3863
s5734,1712
s5734,3710
s5735,3230
s5736,1300
s5737,3939
s5738,3453
s5739,4855
s5740,2324
s5741,4952
s5743,566
s5744,3971
s5746,379
s5747,4595
s5748,4697
s5749,3392
s5750,3392
s5751,919
s5755,2484
s5756,885
s5757,2225
s5758,481
s5759,1054
s5761,3873
s5762,3069
s5765,3838
s5766,1624
s5768,6
s5771,156
s5773,4980
s5774,1815
s5775,1124
s5777,3658
s5779,3678
s5780,3557
s5780,2201
s5781,3837
s5783,3953
s5783,668
s5784,625
s5784,2216
s5785,622
s5793,4685
s5794,4718
s5795,2718
s5796,3450
s5797,983
s5798,987
s5809,1955
s5810,887
s5811,2356
s5814,2718
s5816,3074
s5817,4718
s5818,1955
s5819,1952
s5820,172
s5821,3074
s5822,2177
s5825,888
s5827,4667
s5829,4297
s5831,2400
s5832,2093
s5833,233
s5834,3696
s5835,4567
s5836,4034
s5838,1718
s5838,3681
s5838,4453
s5838,3268
s5838,401
s5838,4112
s5838,3696
s5838,3755
s5838,3742
s5838,33
s5838,4477
s5840,3801
s5840,1907
s5841,3891
s5842,4882
s5843,613
s5843,896
s5847,4418
s5848,1955
s5849,3876
s5850,2203
s5852,1397
s5852,1398
s5853,3163
s5855,1479
s5858,3958
s5859,1926
s5860,4093
s5861,4342
s5861,2714
s5862,2155
s5865,4945
s5866,3195
s5869,2596
s5873,3801
s5873,1907
s5874,4882
s5875,4882
s5876,1955
s5877,225
s5879,2590
s5880,1452
s5881,1511
s5881,3177
s5881,2169
s5881,3906
s5882,4328
s5884,2558
s5885,3830
s5887,1829
s5888,834
s5888,2018
s5888,3528
s5888,2618
s5888,2153
s5888,3289
s5888,714
s5888,4430
s5888,1144
s5888,2475
s5888,3967
s5888,3165
s5888,2908
s5889,1275
s5890,299
s5891,55
s5892,747
s5893,11
s5893,2892
s5894,1362
s5895,1955
s5897,3224
s5898,2523
s5898,2433
s5899,1667
s5900,1955
s5902,2559
s5902,448
s5904,3524
s5905,3628
s5906,384
s5907,2702
s5908,2023
s5910,2744
s5911,2067
s5911,3998
s5912,2596
s5913,3164
s5914,591
s5916,497
s5917,1123
s5918,2129
s5922,1955
s5925,2596
s5926,3450
s5927,2422
s5927,4003
s5928,4894
s5929,1900
s5930,2747
s5930,914
s5931,3928
s5931,1421
s5932,782
s5932,2774
s5933,4855
s5935,1614
s5936,2008
s5937,1929
s5938,2268
s5939,4868
s5939,1247
s5942,932
s5943,2601
s5944,3924
s5945,1323
s5946,2118
s5947,4011
s5948,436
s5949,2147
s5950,712
s5951,3864
s5952,2690
s5953,3975
s5954,3894
s5954,3914
s5955,1784
s5956,2096
s5957,3416
s5958,4345
s5959,4241
s5960,3923
s5961,2494
s5962,4287
s5963,4800
s5964,2572
s5966,3541
s5967,4496
s5969,4794
s5970,4135
s5971,460
s5972,2766
s5972,1082
s5973,3096
s5974,3091
s5976,4991
s5977,3465
s5978,2404
s5980,54
s5981,2647
s5982,3981
s5984,3043
s5986,4091
s5988,4784
s5989,1028
s5991,1013
s5992,4170
s5992,4218
s5993,3850
s5994,709
s5995,1107
s5996,3798
s5997,3224
s5999,1699
s6000,3170
s6001,2208
s6001,4175
s6003,2120
s6004,675
s6005,3327
s6006,4309
s6007,580
s6008,3264
s6009,1491
s6010,1793
s6011,4264
s6012,1666
s6013,4014
s6014,2773
s6015,1842
s6016,316
s6017,347
s6018,4782
s6019,3612
s6020,2230
s6021,3889
s6022,4630
s6023,583
s6024,4705
s6025,3378
s6026,3033
s6026,1386
s6028,2208
s6028,4175
s6029,3485
s6030,2129
s6031,3843
s6032,4363
s6033,4390
s6034,4652
s6035,2929
s6036,3817
s6037,3986
s6039,1336
s6040,3123
s6041,4569
s6042,2069
s6043,337
s6044,829
s6046,95
s6047,1833
s6048,894
s6048,640
s6050,2143
s6051,2242
s6052,3093
s6053,2436
s6054,3070
s6055,1724
s6056,1813
s6057,443
s6058,1350
s6058,2114
s6059,2871
s6060,3286
s6061,2943
s6062,672
s6063,67
s6064,3307
s6065,1617
s6066,481
s6069,4026
s6070,3420
s6071,4992
s6072,3144
s6073,777
s6074,3671
s6075,3264
s6076,4748
s6077,460
s6079,1
s6080,2343
s6080,4222
s6081,767
s6082,861
s6082,3562
s6083,1033
s6084,208
s6085,2322
s6086,2320
s6087,3169
s6087,4183
s6088,2798
s6089,651
s6091,4587
s6092,369
s6093,4111
s6094,2583
s6096,701
s6097,681
s6098,395
s6099,3355
s6100,4575
s6104,4281
s6105,228
s6107,606
s6108,20
s6108,2964
s6110,753
s6111,1561
s6111,201
s6112,2946
s6113,1831
s6114,4190
s6115,4481
s6116,1356
s6117,1215
s6117,1510
s6117,988
s6118,4837
s6119,796
s6120,830
s6121,2230
s6122,2999
s6123,4810
s6124,2643
s6125,3867
s6126,3867
s6128,1605
s6129,4710
s6130,470
s6131,2830
s6132,2499
s6134,795
s6135,3066
s6136,4084
s6137,647
s6139,513
s6140,4250
s6141,2930
s6142,4881
s6143,4148
s6144,4687
s6145,292
s6146,3340
s6148,2954
s6149,2046
s6150,455
s6151,2387
s6152,1215
s6153,3632
s6153,4314
s6154,2602
s6155,2602
s6156,4839
s6158,3584
s6159,1816
s6159,1707
s6160,486
s6161,735
s6163,4610
s6164,2748
s6165,3612
s6166,3492
s6169,4331
s6170,3551
s6171,2306
s6172,3624
s6173,4271
s6174,355
s6176,2450
s6177,2824
s6179,1122
s6179,874
s6180,1836
s6180,2274
s6181,1589
s6182,867
s6182,1446
s6183,884
s6184,2497
s6185,3323
s6186,1937
s6187,4143
s6188,2141
s6189,1881
s6190,2165
s6191,4470
s6192,3173
s6193,1935
s6194,3049
s6196,1112
s6196,1853
s6197,1370
s6197,476
s6198,3176
s6200,1480
s6201,385
s6201,2111
s6202,2671
s6203,378
s6204,112
s6205,4986
s6206,157
s6207,4274
s6208,2287
s6209,59
s6210,1056
s6211,3105
s6212,3059
s6213,3059
s6215,1073
s6216,4069
s6218,4466
s6218,4473
s6219,2357
s6221,4314
s6222,3635
s6223,3635
s6224,1647
s6225,707
s6226,4974
s6227,14
s6227,62
s6228,4536
s6230,2834
s6231,76
s6232,2246
s6233,3741
s6234,3007
s6235,2586
s6236,71
s6237,4966
s6238,2393
s6239,323
s6239,3082
s6240,4878
s6241,1364
s6242,930
s6243,1364
s6244,930
s6244,1364
s6244,3082
s6245,2580
s6246,1347
s6247,3754
s6248,1137
s6249,3560
s6252,1051
s6255,1754
s6256,4060
s6257,2681
s6258,2279
s6260,4832
s6260,344
s6261,3040
s6267,3168
s6268,693
s6269,90
s6269,2500
s6270,2497
s6271,2316
s6272,67
s6273,1421
s6274,2439
s6275,2416
s6278,3745
s6279,388
s6281,414
s6283,60
s6284,2095
s6285,2095
s6286,1650
s6288,4532
s6289,4558
s6290,1187
s6291,2498
s6293,4491
s6294,2801
s6297,3689
s6298,3750
s6299,3689
s6300,3764
s6301,1919
s6303,2121
s6304,1167
s6306,4260
s6307,4173
s6308,2406
s6309,3996
s6310,3337
s6311,4244
s6312,4387
s6313,4834
s6313,1003
s6314,1798
s6315,1495
s6315,4798
s6315,1576
s6315,3790
s6316,1297
s6317,2878
s6318,1656
s6320,3148
s6321,4478
s6322,2905
s6323,3878
s6325,2256
s6326,4028
s6327,2052
s6328,944
s6329,2942
s6330,1487
s6331,998
s6332,1351
s6333,558
s6334,1146
s6335,2337
s6337,1973
s6338,4559
s6339,24
s6340,4892
s6341,2669
s6343,2042
s6344,2658
s6345,1173
s6346,520
s6347,2038
s6349,1961
s6350,1295
s6351,3731
s6352,1483
s6352,4694
s6353,644
s6354,1541
s6354,322
s6355,714
s6355,862
s6356,193
s6357,2009
s6359,438
s6360,2380
s6363,1507
s6363,4002
s6364,1533
s6366,3868
s6367,242
s6368,860
s6370,3072
s6371,4190
s6372,760
s6373,2091
s6375,4354
s6376,4304
s6377,3831
s6378,3909
s6380,390
s6381,2724
s6383,4830
s6384,4830
s6385,4830
s6387,3178
s6388,294
s6389,1108
s6391,4396
s6392,2210
s6393,2632
s6395,748
s6395,2233
s6396,1015
s6397,1034
s6398,4703
s6400,346
s6401,3406
s6403,456
s6404,2780
s6406,3215
s6407,3215
s6409,734
s6410,4172
s6411,2694
s6413,3611
s6415,1690
s6415,1150
s6416,574
s6418,2360
s6419,3398
s6420,2916
s6422,820
s6423,4635
s6424,661
s6425,4979
s6425,1118
s6426,2987
s6428,2939
s6429,4888
s6430,4888
s6432,3846
s6433,4234
s6434,630
s6435,10
s6435,3102
s6436,1720
s6437,4282
s6438,3328
s6439,1687
s6440,18
s6441,1076
s6442,4737
s6443,431
s6444,1192
s6445,1501
s6446,2136
s6447,4611
s6448,3032
s6449,783
s6449,1824
s6450,1076
s6451,2495
s6453,4888
s6453,1927
s6454,2175
s6455,1637
s6459,634
s6462,4302
s6462,458
s6463,458
s6463,4296
s6464,4296
s6464,458
s6465,3750
s6465,602
s6466,406
s6467,2903
s6468,3377
s6469,4657
s6471,4534
s6472,2747
s6473,535
s6474,2454
s6475,465
s6476,319
s6477,935
s6479,2896
s6480,1519
s6481,2110
s6482,2843
s6483,1817
s6485,3213
s6486,1754
s6487,3562
s6489,1412
s6489,2420
s6490,3586
s6492,3342
s6493,2720
s6494,1618
s6495,1328
s6497,1843
s6498,1452
s6500,851
s6501,2135
s6502,2682
s6502,2594
s6502,4666
s6503,3431
s6504,2988
s6511,4592
s6512,2658
s6513,4823
s6516,4161
s6517,1425
s6518,2468
s6519,4959
s6522,3920
s6523,3764
s6524,948
s6526,2050
s6526,4509
s6527,4359
s6528,4759
s6529,1530
s6530,3465
s6531,3764
s6532,25
s6534,4440
s6535,2213
s6536,554
s6537,1725
s6538,1921
s6540,3052
s6540,1496
s6541,3542
s6542,2548
s6544,341
s6545,1217
s6546,4957
s6547,776
s6548,1697
s6549,1508
s6551,4403
s6552,251
s6553,3479
s6554,2196
s6555,3727
s6556,1975
s6558,2007
s6559,3641
s6562,646
s6563,3969
s6565,91
s6566,199
s6567,1569
s6568,3684
s6570,3512
s6571,2319
s6574,266
s6575,1244
s6575,527
s6576,3379
s6576,1858
s6577,4650
s6578,4540
s6579,1039
s6580,1160
s6581,4537
s6582,767
s6583,1932
s6584,3312
s6585,1686
s6586,912
s6589,340
s6590,2451
s6590,434
s6591,1168
s6592,724
s6593,871
s6594,4559
s6595,1470
s6596,4086
s6597,3202
s6598,895
s6599,3078
s6600,4044
s6601,913
s6603,4466
s6603,4473
s6605,1796
s6606,1681
s6607,550
s6609,570
s6610,2643
s6611,2570
s6613,1959
s6615,814
s6616,4639
s6617,560
s6618,3315
s6620,1100
s6621,3550
s6622,3639
s6623,786
s6624,661
s6625,2791
s6625,478
s6625,4869
s6625,1065
s6625,1052
s6625,4902
s6625,144
s6625,2220
s6625,1235
s6625,642
s6626,1915
s6627,4719
s6628,4587
s6629,4587
s6630,4587
s6631,728
s6632,1008
s6633,3155
s6634,3172
s6635,326
s6637,4888
s6638,2168
s6639,2770
s6640,614
s6641,4177
s6641,4913
s6642,3892
s6643,927
s6644,1226
s6645,3531
s6646,3750
s6648,1606
s6649,4715
s6650,3814
s6654,88
s6655,1266
s6656,4718
s6657,1303
s6658,1053
s6662,380
s6663,4865
s6665,4033
s6666,686
s6667,115
s6668,1680
s6669,4466
s6669,4473
s6670,4356
s6671,3642
s6676,3012
s6678,2361
s6680,1389
s6681,530
s6682,2132
s6683,4195
s6684,1366
s6684,1765
s6685,1765
s6685,1366
s6686,3366
s6687,2217
s6688,3122
s6689,3885
s6690,3314
s6692,2515
s6693,1604
s6695,114
s6697,1062
s6699,1163
s6700,2027
s6701,1925
s6702,3916
s6703,1230
s6704,2575
s6705,4885
s6706,155
s6707,2854
s6709,4756
s6711,4663
s6712,3561
s6713,3945
s6714,443
s6716,1820
s6717,174
s6719,1882
s6720,4437
s6721,290
s6721,2897
s6721,2537
s6721,3415
s6722,3127
s6723,326
s6724,2263
s6726,1650
s6727,1650
s6728,1650
s6730,567
s6731,2992
s6734,4121
s6735,860
s6736,1618
s6737,4199
s6737,2566
s6738,1677
s6739,2442
s6740,3265
s6741,4227
s6743,1773
s6744,4572
s6746,3615
s6747,3394
s6748,607
s6749,2755
s6750,421
s6752,4691
s6753,346
s6754,1898
s6755,1120
s6756,1898
s6757,1564
s6758,4046
s6759,437
s6760,4419
s6761,3371
s6762,2443
s6763,318
s6765,1559
s6766,804
s6768,2842
s6769,2498
s6770,1617
s6772,2383
s6772,4238
s6773,459
s6776,2302
s6777,4728
s6778,2906
s6778,2488
s6779,1145
s6780,2914
s6781,3865
s6782,2095
s6784,2199
s6784,51
s6785,1465
s6787,2743
s6788,3026
s6790,2636
s6791,4219
s6793,3172
s6794,1618
s6795,3379
s6797,4720
s6798,1078
s6799,4315
s6800,2846
s6801,4100
s6802,4838
s6802,2051
s6803,2309
s6805,2866
s6806,4313
s6808,2794
s6809,3657
s6810,1710
s6811,146
s6814,942
s6815,4187
s6816,619
s6817,2627
s6818,53
s6819,1753
s6820,1399
s6822,3566
s6824,2734
s6827,2946
s6829,1785
s6830,4019
s6831,1740
s6832,2815
s6833,3466
s6838,1089
s6839,1641
s6840,3332
s6841,895
s6843,3612
s6844,1127
s6845,3754
s6846,3840
s6847,2427
s6847,2960
s6848,2925
s6849,2427
s6851,2427
s6852,3509
s6853,3885
s6854,4812
s6854,790
s6855,4070
s6856,4854
s6857,657
s6859,1684
s6860,1982
s6860,4640
s6861,1591
s6862,1684
s6863,3098
s6864,1440
s6865,1754
s6866,4529
s6867,2939
s6868,4094
s6870,1821
s6871,3980
s6873,2910
s6874,3319
s6875,846
s6876,317
s6877,4853
s6878,4544
s6879,1543
s6880,1721
s6881,2946
s6882,2353
s6883,3073
s6884,422
s6885,3911
s6887,2973
s6888,285
s6889,917
s6892,1796
s6893,4538
s6894,3779
s6897,2042
s6898,19
s6899,3277
s6900,1321
s6901,360
s6903,1899
s6904,1347
s6905,4216
s6906,4216
s6909,217
s6910,67
s6911,4277
s6911,2811
s6911,1733
s6911,4696
s6911,4679
s6911,2539
s6911,4919
s6911,970
s6911,1455
s6911,2542
s6911,2260
s6911,1741
s6912,1777
s6913,4154
s6914,2152
s6915,126
s6916,2194
s6917,2093
s6919,4619
s6921,2098
s6921,2715
s6922,2746
s6925,3930
s6925,3294
s6926,1792
s6928,2205
s6928,1706
s6929,1040
s6930,1023
s6932,3996
s6933,93
s6934,3992
s6935,2350
s6935,3003
s6937,1076
s6939,2215
s6940,643
s6941,1250
s6943,300
s6944,4425
s6945,1139
s6946,3700
s6947,1284
s6948,276
s6949,2447
s6950,1110
s6951,857
s6953,1759
s6955,4655
s6955,4004
s6957,1106
s6958,1629
s6959,4351
s6960,863
s6961,3673
s6962,3953
s6963,937
s6965,4624
s6967,4258
s6968,2698
s6969,4169
s6973,2736
s6974,2019
s6976,4824
s6978,339
s6979,1012
s6980,997
s6981,457
s6983,217
s6983,763
s6984,3310
s6985,386
s6985,3330
s6985,56
s6985,1515
s6985,2495
s6985,4138
s6985,4181
s6985,2481
s6985,1171
s6986,4859
s6987,3396
s6988,3396
s6989,3761
s6990,354
s6991,596
s6992,596
s6993,3157
s6994,4454
s6995,1842
s6996,682
s6998,194
s7000,494
s7001,2950
s7002,1389
s7003,4168
s7004,3107
s7005,3020
s7006,124
s7008,1913
s7009,1538
s7010,2927
s7011,4116
s7012,4971
s7013,4662
s7014,3993
s7015,2458
s7016,2693
s7017,2048
s7019,2089
s7020,721
s7021,249
s7022,4081
s7022,1457
s7023,4340
s7024,3730
s7026,1232
s7027,2465
s7028,2234
s7031,2984
s7032,2984
s7033,944
s7035,1485
s7036,3443
s7037,565
s7037,1482
s7038,2956
s7039,2616
s7041,1402
s7042,68
s7043,4001
s7044,898
s7045,1229
s7046,2872
s7047,3049
s7048,2457
s7049,652
s7050,4412
s7052,653
s7053,2622
s7054,4053
s7056,4688
s7057,1952
s7058,2396
s7059,4842
s7061,4548
s7062,2127
s7063,492
s7064,1330
s7065,4464
s7066,2223
s7067,1282
s7068,628
s7069,4125
s7071,4426
s7072,4426
s7073,4426
s7074,4426
s7075,2180
s7076,1847
s7077,2727
s7078,3698
s7079,1772
s7080,2369
s7085,1352
s7087,3081
s7088,3522
s7089,4695
s7090,4695
s7091,4695
s7092,917
s7093,787
s7094,2184
s7095,3264
s7096,2432
s7097,1849
s7098,2656
s7100,4753
s7103,2826
s7104,339
s7105,1816
s7106,2874
s7107,1666
s7108,4964
s7109,4940
s7110,4279
s7111,2971
s7111,4443
s7112,1693
s7112,4442
s7113,4439
s7114,3698
s7115,1241
s7116,2780
s7118,1575
s7119,3365
s7120,496
s7122,2495
s7123,1913
s7125,4831
s7127,917
s7128,1560
s7129,716
s7131,2094
s7133,1087
s7134,3718
s7135,2140
s7136,445
s7137,321
s7138,94
s7140,593
s7141,4632
s7142,252
s7145,1076
s7146,2176
s7147,4486
s7148,3387
s7150,4068
s7151,3631
s7152,2594
s7152,2682
s7153,3972
s7154,2190
s7155,2209
s7157,2418
s7159,4120
s7160,2549
s7161,4626
s7162,2066
s7163,3468
s7164,710
s7165,3967
s7165,1534
s7165,3535
s7165,2084
s7165,3210
s7165,4674
s7165,3369
s7165,594
s7165,2086
s7165,3118
s7166,3664
s7167,4021
s7168,1189
s7170,4154
s7171,1883
s7172,4062
s7173,241
s7174,4814
s7175,777
s7176,2451
s7177,2451
s7179,2662
s7179,4618
s7180,2662
s7180,4618
s7181,4244
s7182,2713
s7184,4446
s7187,1193
s7189,1754
s7190,4480
s7190,4471
s7191,4455
s7192,1204
s7193,2181
s7194,3379
s7195,3554
s7196,998
s7198,3698
s7199,3698
s7200,4421
s7201,1475
s7202,3556
s7203,2228
s7204,4384
s7205,3923
s7206,468
s7207,3543
s7208,1396
s7209,2006
s7210,4405
s7211,3592
s7211,620
s7212,1164
s7213,20
s7213,2964
s7214,1509
s7217,4891
s7219,1275
s7220,1451
s7220,2252
s7221,183
s7222,2236
s7224,2083
s7224,1344
s7225,1630
s7226,1671
s7228,3243
s7228,4607
s7229,3243
s7229,4607
s7230,4607
s7231,4607
s7232,4607
s7234,3243
s7234,4607
s7235,4709
s7237,3418
s7238,4876
s7239,3818
s7240,4385
s7241,331
s7242,4613
s7243,4367
s7244,4479
s7245,3337
s7247,4950
s7248,2570
s7249,1184
s7250,4102
s7251,2629
s7251,3356
s7252,1014
s7252,4513
s7253,2750
s7254,1579
s7259,159
s7260,4501
s7261,4344
s7262,849
s7263,2768
s7266,2790
s7268,3703
s7270,1860
s7271,2426
s7272,2963
s7273,978
s7273,1423
s7274,1305
s7275,282
s7276,4008
s7277,3995
s7278,3995
s7279,3995
s7281,503
s7282,4775
s7283,4958
s7284,4908
s7285,814
s7287,4181
s7289,323
s7289,4394
s7290,289
s7290,4433
s7293,2890
s7294,3515
s7294,4334
s7294,1077
s7295,2151
s7296,3446
s7297,2011
s7299,1987
s7300,3992
s7303,2358
s7304,2190
s7305,2490
s7306,204
s7307,788
s7309,4426
s7310,2399
s7311,1289
s7312,1757
s7314,4609
s7315,3950
s7316,1801
s7317,4402
s7318,3674
s7320,3674
s7321,4955
s7323,3341
s7324,4855
s7327,1640
s7328,4422
s7329,1885
s7329,4416
s7330,1414
s7330,2289
s7331,3054
s7333,4363
s7334,1863
s7335,2014
s7335,3335
s7336,4510
s7337,1134
s7338,3499
s7340,1789
s7341,166
s7342,4142
s7345,798
s7346,3494
s7347,4043
s7348,4385
s7351,4420
s7352,96
s7353,4353
s7355,868
s7356,237
s7357,2414
s7358,2190
s7359,278
s7361,3717
s7361,4806
s7362,3667
s7363,4603
s7364,1963
s7365,3681
s7366,1243
s7367,1147
s7368,1549
s7370,723
s7370,2057
s7371,2075
s7372,899
s7373,3374
s7374,548
s7375,9
s7376,1787
s7378,2726
s7379,4587
s7380,563
s7381,243
s7385,2675
s7387,1076
s7388,4340
s7389,4099
s7390,3128
s7391,2431
s7392,547
s7394,4295
s7395,4552
s7396,1088
s7397,2185
s7398,4661
s7399,3111
s7400,3522
s7401,3721
s7402,3329
s7403,918
s7404,4419
s7406,3291
s7408,3690
s7410,1361
s7411,814
s7412,1121
s7413,1064
s7414,1155
s7415,1318
s7416,2656
s7416,1326
s7417,1738
s7418,3895
s7420,4266
s7421,4734
s7422,3473
s7423,4449
s7423,469
s7424,1020
s7425,3640
s7426,1701
s7426,4228
s7427,615
s7427,3886
s7428,4108
s7429,4053
s7430,2062
s7431,3292
s7432,2946
s7433,3188
s7434,1841
s7435,3534
s7435,2919
s7438,603
s7440,617
s7441,4276
s7442,1910
s7442,909
s7443,524
s7444,524
s7445,2131
s7446,1499
s7449,4643
s7451,4132
s7452,584
s7453,4403
s7455,1994
s7457,1638
s7459,352
s7461,1531
s7462,4549
s7463,3759
s7465,2437
s7466,2701
s7467,2463
s7468,2024
s7470,516
s7471,2311
s7472,1080
s7473,1068
s7474,3455
s7475,363
s7475,4030
s7476,3242
s7477,4561
s7478,4879
s7479,2572
s7480,15
s7482,3172
s7483,2945
s7485,655
s7487,3939
s7488,98
s7489,1745
s7490,4415
s7491,4878
s7492,4397
s7492,305
s7493,4878
s7493,4505
s7494,1240
s7495,4780
s7495,209
s7496,4878
s7497,3162
s7497,4415
s7498,4878
s7499,984
s7499,4878
s7500,473
s7500,1326
s7501,1240
s7501,305
s7501,473
s7502,1240
s7502,4415
s7504,3923
s7505,3709
s7507,1236
s7508,522
s7509,389
s7510,1901
s7511,765
s7512,3099
s7513,482
s7514,4458
s7515,2022
s7516,3592
s7516,4866
s7516,4403
s7516,1623
s7516,4402
s7516,1874
s7516,2238
s7516,1281
s7516,3530
s7516,655
s7516,4025
s7516,1877
s7517,685
s7518,4402
s7519,4673
s7520,377
s7521,947
s7523,4840
s7524,1994
s7525,1076
s7526,197
s7526,571
s7527,1870
s7528,2042
s7531,2672
s7531,744
s7532,690
s7533,3443
s7534,4849
s7535,1816
s7536,1049
s7537,3295
s7538,167
s7540,907
s7542,1815
s7542,1967
s7543,1967
s7543,1815
s7544,4854
s7545,4321
s7545,4888
s7546,2138
s7547,3338
s7549,466
s7550,4305
s7551,3197
s7553,4050
s7554,1915
s7555,2552
s7555,1420
s7556,1166
s7557,540
s7557,1540
s7558,3673
s7559,1713
s7560,2960
s7561,3285
s7562,4335
s7563,1536
s7564,1606
s7565,2218
s7566,2790
s7567,3985
s7567,549
s7568,766
s7576,1552
s7578,3476
s7579,2276
s7580,1165
s7581,2510
s7582,2643
s7583,440
s7584,2245
s7585,2448
s7586,985
s7588,1542
s7591,340
s7592,3355
s7593,4169
s7595,374
s7596,4614
s7597,3852
s7597,4614
s7599,2507
s7599,1850
s7601,4023
s7602,2941
s7603,1578
s7604,4140
s7605,4570
s7606,1225
s7607,2941
s7608,3593
s7609,1595
s7610,3563
s7610,2532
s7612,3425
s7613,3425
s7614,2704
s7615,1017
s7616,3622
s7617,4665
s7618,3383
s7618,3699
s7619,1494
s7620,4051
s7621,2659
s7622,3609
s7623,4090
s7626,992
s7626,4747
s7627,1309
s7631,2606
s7632,2606
s7634,2966
s7635,1571
s7636,1852
s7636,1851
s7637,2759
s7638,2672
s7639,4425
s7640,4425
s7642,3260
s7643,4259
s7644,3663
s7645,3663
s7646,3663
s7648,513
s7649,3424
s7651,3202
s7652,905
s7653,1714
s7654,3669
s7655,2978
s7656,793
s7657,793
s7658,2978
s7659,4310
s7660,4214
s7661,511
s7662,3226
s7664,4616
s7665,3380
s7666,1920
s7668,3352
s7669,592
s7669,3125
s7670,3967
s7670,2068
s7671,2145
s7673,1041
s7674,4608
s7677,1041
s7678,2706
s7679,813
s7680,3603
s7681,2524
s7682,542
s7683,1965
s7684,2904
s7684,314
s7685,386
s7687,50
s7687,2757
s7688,3555
s7689,2570
s7691,3857
s7692,778
s7693,2248
s7695,3662
s7696,788
s7697,255
s7698,179
s7700,939
s7701,1410
s7702,1083
s7703,582
s7704,3803
s7705,3447
s7707,4446
s7708,1492
s7709,2013
s7712,2478
s7713,3360
s7714,2038
s7715,3646
s7716,2589
s7717,4403
s7718,1202
s7720,3501
s7721,511
s7723,3549
s7723,4851
s7724,3211
s7725,2918
s7727,1834
s7728,717
s7729,1875
s7731,3431
s7732,4690
s7733,4865
s7734,2389
s7735,1974
s7735,135
s7736,2225
s7737,113
s7737,2569
s7738,511
s7738,3572
s7738,4333
s7738,3506
s7738,4826
s7739,2572
s7740,37
s7741,993
s7741,1216
s7742,892
s7743,1495
s7744,3452
s7744,4350
s7744,3851
s7744,3862
s7745,2790
s7746,1817
s7746,696
s7747,879
s7749,146
s7750,4081
s7751,3808
s7752,3424
s7753,1015
s7753,2265
s7754,1979
s7755,4884
s7756,3911
s7758,1481
s7759,4409
s7779,791
s7779,2540
s7789,1869
s7790,447
s7791,1451
s7792,4156
s7793,829
s7793,2266
s7793,1615
s7794,1618
s7795,4888
s7796,585
s7797,4386
s7798,892
s7800,520
s7802,3754
s7803,3698
s7804,405
s7805,2749
s7806,2760
s7808,3124
s7810,2843
s7812,4855
s7815,3848
s7817,336
s7818,2225
s7819,3785
s7820,1679
s7821,2946
s7822,2823
s7823,2035
s7823,4617
s7824,1205
s7825,1187
s7826,532
s7827,3629
s7827,3839
s7828,3731
s7830,1322
s7831,4119
s7832,2517
s7833,1574
s7834,258
s7835,3226
s7837,1766
s7838,340
s7840,3331
s7842,3087
s7844,943
s7845,2163
s7846,264
s7847,2887
s7849,915
s7849,2661
s7850,3202
s7852,334
s7853,4236
s7854,465
s7855,234
s7856,2918
s7858,3561
s7859,3826
s7860,2691
s7860,66
s7861,814
s7862,4789
s7864,311
s7864,313
s7865,1912
s7865,1862
s7866,4084
s7867,1408
s7869,2198
s7870,2802
s7872,1181
s7872,2756
s7874,449
s7875,260
s7876,1814
s7877,3653
s7878,3333
s7880,2144
s7881,4507
s7882,4507
s7883,4507
s7884,2144
s7885,1479
s7886,4100
s7887,3275
s7888,3193
s7889,3297
s7890,2655
s7891,2996
s7892,3018
s7892,1912
s7894,4294
s7895,3988
s7896,2137
s7897,1951
s7899,461
s7900,3703
s7901,4367
s7902,3899
s7903,1985
s7904,1503
s7905,1096
s7906,860
s7908,3939
s7910,1054
s7911,1186
s7912,177
s7913,906
s7914,3765
s7915,1564
s7916,1651
s7917,3115
s7918,510
s7919,1267
s7920,2528
s7920,3485
s7921,928
s7922,3681
s7923,3265
s7924,4124
s7925,3199
s7926,3507
s7927,2366
s7928,268
s7929,688
s7929,1486
s7930,355
s7931,2151
s7932,3746
s7933,3731
s7934,1584
s7935,2726
s7936,1569
s7937,3978
s7938,3978
s7939,1495
s7940,4769
s7941,2382
s7942,4754
s7944,78
s7945,3736
s7946,980
s7947,2057
s7948,2794
s7950,2156
s7951,2003
s7952,2765
s7953,2470
s7955,1207
s7956,2434
s7957,2805
s7958,4426
s7959,4352
s7960,1739
s7960,2428
s7960,2076
s7961,1253
s7962,4856
s7963,4856
s7964,2181
s7965,4429
s7966,2806
s7967,1213
s7968,1953
s7970,600
s7971,2405
s7972,4487
s7973,4089
s7974,2405
s7975,4777
s7976,4487
s7977,4089
s7978,4777
s7979,4777
s7979,1500
s7980,2723
s7981,3465
s7982,455
s7984,2460
s7986,3166
s7987,3103
s7988,3103
s7989,4508
s7990,400
s7991,3019
s7993,4449
s7995,2554
s7996,1193
s7997,1636
s7998,1728
s7999,1120
s8000,4095
s8002,3253
s8002,608
s8004,1640
s8005,3764
s8006,3797
s8007,74
s8007,3844
s8008,3844
s8009,2080
s8009,3676
s8010,1179
s8011,3934
s8012,519
s8013,72
s8014,511
s8014,3506
s8015,1367
s8015,399
s8017,4829
s8018,4624
s8019,2769
s8020,1922
s8024,351
s8025,3719
s8026,3921
s8027,1223
s8028,1616
s8029,936
s8030,1269
s8033,3823
s8034,3884
s8035,1471
s8036,926
s8036,1612
s8037,2664
s8038,2106
s8039,597
s8040,3646
s8042,2159
s8043,2096
s8044,3381
s8046,189
s8047,1466
s8048,1794
s8049,2229
s8050,1672
s8051,206
s8052,3993
s8053,3993
s8054,3085
s8055,1778
s8056,3274
s8057,2332
s8058,2001
s8060,4190
s8061,1060
s8061,3220
s8062,2048
s8062,3828
s8064,4085
s8066,986
s8067,2924
s8068,4087
s8069,3610
s8069,3957
s8069,618
s8070,1080
s8070,383
s8072,4659
s8073,1682
s8074,4434
s8075,3934
s8076,3934
s8077,3934
s8078,1948
s8079,1047
s8080,893
s8081,45
s8082,227
s8083,3831
s8085,1106
s8087,3413
s8087,1092
s8088,61
s8089,4840
s8090,123
s8091,426
s8091,3214
s8092,799
s8092,2839
s8092,4542
s8092,3663
s8093,2207
s8096,627
s8097,176
s8099,3728
s8100,1893
s8101,4006
s8102,2843
s8104,534
s8105,1349
s8105,3813
s8106,1820
s8107,298
s8109,89
s8111,3898
s8112,1838
s8113,4374
s8114,800
s8115,4962
s8116,568
s8117,4158
s8119,2261
s8120,2407
s8121,3511
s8123,4465
s8124,2491
s8125,1796
s8127,1608
s8128,1592
s8129,700
s8131,689
s8132,346
s8134,2997
s8135,376
s8135,192
s8136,2994
s8137,532
s8139,4611
s8140,1903
s8141,989
s8141,1027
s8142,1176
s8143,804
s8145,4446
s8146,4133
s8147,3073
s8150,3301
s8151,2326
s8152,834
s8152,2483
s8153,674
s8154,4100
s8155,4035
s8156,4336
s8157,2646
s8158,2134
s8159,2487
s8160,3108
s8161,4399
s8162,1377
s8163,1268
s8164,3284
s8165,2065
s8165,4978
s8165,826
s8165,3321
s8165,4887
s8167,2234
s8168,3032
s8169,4910
s8169,3106
s8170,976
s8171,4461
s8172,3689
s8173,1188
s8177,3288
s8177,49
s8178,3196
s8178,257
s8179,3008
s8180,3491
s8182,1539
s8184,3934
s8185,4426
s8186,1346
s8187,1983
s8188,3899
s8189,304
s8191,4600
s8191,2172
s8192,1162
s8192,750
s8193,4100
s8195,1390
s8196,2235
s8197,869
s8198,4845
s8199,329
s8201,2574
s8202,1291
s8203,2441
s8203,2721
s8204,2190
s8205,667
s8205,3290
s8206,2142
s8208,1348
s8211,4675
s8212,3982
s8213,3453
s8214,3645
s8215,146
s8216,2477
s8216,4325
s8216,1327
s8218,148
s8218,235
s8219,3433
s8220,339
s8221,3856
s8222,4873
s8223,2909
s8224,3311
s8225,2455
s8226,3389
s8227,3624
s8228,2572
s8229,4572
s8230,3899
s8231,1766
s8233,4360
s8234,1594
s8234,3505
s8235,3411
s8236,705
s8237,465
s8238,1292
s8239,4191
s8240,2204
s8241,4545
s8242,2572
s8243,950
s8245,2786
s8246,396
s8247,1117
s8248,2178
s8249,3062
s8250,3394
s8252,2187
s8253,1695
s8254,616
s8255,420
s8256,268
s8257,306
s8259,2529
s8259,856
s8260,183
s8261,2870
s8262,3311
s8264,1918
s8264,315
s8265,4155
s8266,1785
s8267,1456
s8267,2072
s8268,4547
s8270,4312
s8271,3606
s8271,2271
s8273,2946
s8274,759
s8274,4757
s8275,609
s8276,4875
s8277,4873
s8279,4379
s8279,2043
s8280,230
s8281,3885
s8282,579
s8284,2505
s8285,1951
s8286,3913
s8287,3533
s8289,1888
s8290,2351
s8290,13
s8291,4087
s8292,1102
s8293,3351
s8294,3113
s8295,1128
s8296,2030
s8297,1114
s8298,2572
s8299,1120
s8300,922
s8300,2186
s8301,3965
s8302,1763
s8303,2927
s8304,804
s8305,666
s8306,666
s8307,3045
s8308,3898
s8309,3607
s8310,2939
s8311,3421
s8313,2156
s8314,4630
s8315,4182
s8318,3323
s8319,2891
s8320,921
s8321,1083
s8323,1224
s8323,4930
s8324,3552
s8325,2409
s8326,3305
s8327,1064
s8328,1064
s8329,1064
s8330,1064
s8333,4232
s8334,2137
s8336,3131
s8338,3080
s8339,3143
s8340,3482
s8341,3025
s8342,4551
s8343,764
s8344,4973
s8345,2900
s8345,2617
s8345,4141
s8345,4032
s8345,4311
s8345,4763
s8345,4226
s8345,2036
s8346,1589
s8347,3396
s8349,974
s8351,4018
s8352,3903
s8353,2608
s8355,3892
s8356,4831
s8357,4572
s8359,1805
s8360,3637
s8360,2365
s8360,245
s8361,628
s8362,1456
s8363,4425
s8364,1401
s8364,2381
s8365,1401
s8365,3346
s8366,3876
s8366,3005
s8368,2404
s8370,3649
s8371,561
s8371,3349
s8373,3948
s8375,3885
s8376,2395
s8378,4658
s8381,153
s8382,4622
s8383,3659
s8384,1570
s8385,1028
s8386,4193
s8387,3965
s8388,2901
s8389,1170
s8389,2392
s8390,3902
s8391,3615
s8392,2824
s8394,1987
s8395,611
s8395,832
s8396,2917
s8397,1426
s8399,4933
s8400,670
s8401,1957
s8402,3910
s8403,1464
s8404,2281
s8405,3600
s8406,3600
s8407,2862
s8408,3915
s8408,4000
s8409,4362
s8410,2195
s8411,3937
s8413,2162
s8413,2278
s8414,2939
s8415,2682
s8415,2594
s8416,2682
s8416,2594
s8417,2682
s8417,2594
s8418,2451
s8418,886
s8418,1333
s8419,3503
s8420,4880
s8421,1597
s8426,2783
s8427,697
s8428,2130
s8431,1870
s8433,3109
s8434,1137
s8435,1137
s8436,523
s8437,4438
s8439,743
s8441,4368
s8441,1208
s8442,2608
s8442,2099
s8444,794
s8445,4854
s8446,61
s8447,2139
s8448,539
s8449,3187
s8450,138
s8451,1978
s8452,4383
s8453,2119
s8454,3642
s8455,4260
s8456,3580
s8457,698
s8458,3602
s8458,1993
s8459,1173
s8460,2435
s8461,95
s8462,3940
s8463,3780
s8463,3925
s8464,771
s8465,658
s8466,2936
s8467,3991
s8467,2166
s8468,3258
s8469,2167
s8470,1490
s8471,1598
s8471,669
s8473,3885
s8474,1439
s8476,3192
s8478,2474
s8479,4231
s8480,1710
s8480,2876
s8480,2934
s8481,229
s8482,97
s8484,4398
s8485,1158
s8486,1643
s8487,1593
s8488,2707
s8489,3257
s8490,958
s8492,3538
s8493,870
s8494,1109
s8495,691
s8496,480
s8497,2556
s8498,4850
s8499,1456
s8500,1638
s8501,4382
s8502,852
s8503,4608
s8505,38
s8506,1563
s8507,1207
s8508,4874
s8508,4863
s8509,1805
s8510,4472
s8512,1083
s8513,3589
s8514,1888
s8515,2563
s8516,666
s8517,4593
s8518,2581
s8521,4423
s8522,940
s8523,4377
s8525,4867
s8525,923
s8526,4689
s8527,382
s8528,4631
s8529,3208
s8529,3201
s8530,2652
s8531,2631
s8532,4314
s8533,3935
s8535,645
s8535,1307
s8536,1095
s8537,3129
s8538,541
s8538,170
s8539,1069
s8541,2476
s8543,3923
s8544,3663
s8547,1977
s8547,2725
s8548,1340
s8549,2915
s8550,2451
s8550,2764
s8551,3456
s8551,4545
s8553,4024
s8554,1960
s8555,1452
s8556,820
s8557,3377
s8559,3919
s8560,2582
s8562,3313
s8563,1299
s8564,2621
s8565,3055
s8566,4785
s8567,1548
s8569,3594
s8570,4510
s8571,3617
s8572,4061
s8573,797
s8574,1126
s8577,1174
s8578,4883
s8579,3708
s8580,601
s8581,4517
s8582,4081
s8583,564
s8584,4392
s8585,2190
s8586,3199
s8587,2244
s8588,4880
s8588,2182
s8590,2674
s8591,77
s8592,4099
s8595,4408
s8596,4338
s8598,1262
s8598,1422
s8598,17
s8599,537
s8600,3067
s8602,2585
s8603,3633
s8604,3974
s8607,704
s8608,2874
s8609,4847
s8611,1000
s8612,2780
s8613,4462
s8614,4117
s8615,1037
s8616,2004
s8617,4843
s8618,4387
s8619,3845
s8620,4078
s8621,2212
s8621,631
s8622,3997
s8623,4042
s8624,650
s8625,4042
s8626,1218
s8627,1218
s8628,69
s8629,4295
s8630,3241
s8631,2079
s8632,3334
s8633,4255
s8633,876
s8635,4565
s8636,1722
s8637,3687
s8638,1959
s8639,1274
s8640,777
s8641,1451
s8641,2151
s8641,1762
s8641,4009
s8641,387
s8642,1130
s8643,2495
s8644,1735
s8646,711
s8649,1521
s8650,2515
s8651,4484
s8651,4370
s8652,1894
s8653,404
s8655,559
s8656,3539
s8657,3100
s8658,835
s8659,2226
s8660,1332
s8661,2142
s8662,3533
s8663,4123
s8664,4272
s8665,1933
s8666,3668
s8667,3199
s8668,2894
s8669,1886
s8671,3586
s8672,3764
s8673,451
s8674,246
s8675,1634
s8676,637
s8677,1097
s8678,1694
s8679,1513
s8681,3467
s8682,1497
s8683,4953
s8684,2576
s8686,1248
s8687,589
s8688,3498
s8689,401
s8690,3896
s8692,3948
s8693,2845
s8693,3021
s8694,186
s8694,308
s8695,3638
s8696,1380
s8697,4426
s8698,2161
s8699,1643
s8700,1844
s8702,2888
s8703,4604
s8704,3017
s8705,860
s8706,1125
s8707,2034
s8708,1606
s8709,153
s8710,393
s8712,811
s8714,446
s8715,4388
s8715,3438
s8715,2339
s8716,28
s8717,4707
s8718,4362
s8719,3077
s8720,1760
s8723,3940
s8724,3806
s8725,2272
s8726,4019
s8726,3885
s8728,3888
s8728,4568
s8729,1711
s8729,2970
s8730,2868
s8731,4184
s8732,3379
s8733,3548
s8734,565
s8735,1234
s8736,2946
s8738,3184
s8738,224
s8739,1190
s8740,1451
s8740,287
s8743,524
s8744,3536
s8745,3223
s8746,3041
s8747,3516
s8749,2139
s8751,1151
s8752,4954
s8753,4580
s8754,80
s8755,525
s8757,513
s8758,3424
s8760,4435
s8761,1090
s8762,4915
s8763,3180
s8764,2151
s8765,2624
s8766,2294
s8766,371
s8766,4007
s8766,2404
s8767,3892
s8768,2643
s8769,206
s8770,3255
s8771,4446
s8772,2564
s8773,4118
s8774,2432
s8775,42
s8777,866
s8778,4144
s8779,4144
s8780,2526
s8782,2921
s8783,2495
s8787,1871
s8788,2463
s8789,1823
s8790,756
s8791,1167
s8792,1933
s8793,3235
s8794,3740
s8795,3198
s8799,775
s8800,482
s8802,2800
s8803,1083
s8805,4014
s8806,3596
s8807,3233
